FACILITY,Art,ART
SEMBABULE,SE2678,2678
SEMBABULE,SE2620,2620
SEMBABULE,SE2642,2642
SEMBABULE,SE2659,2659
SEMBABULE,SE2655,2655
SEMBABULE,SE2671,2671
SEMBABULE,SE2650,2650
SEMBABULE,SE2689,2689
SEMBABULE,SE2621,2621
SEMBABULE,SE2652,2652
SEMBABULE,SE2661,2661
SEMBABULE,SE2696,2696
SEMBABULE,SE2629,2629
SEMBABULE,SE2686,2686
SEMBABULE,SE2624,2624
SEMBABULE,SE2687,2687
SEMBABULE,SE2636,2636
SEMBABULE,SE2630,2630
SEMBABULE,SE2604,2604
SEMBABULE,SE2641,2641
SEMBABULE,SE2607,2607
SEMBABULE,SE2668,2668
SEMBABULE,SE2646,2646
SEMBABULE,SE2601,2601
SEMBABULE,SE2640,2640
SEMBABULE,SE2681,2681
SEMBABULE,SE2322,2322
SEMBABULE,SE2378,2378
SEMBABULE,SE2377,2377
SEMBABULE,SE2396,2396
SEMBABULE,SE2314,2314
SEMBABULE,SE2348,2348
SEMBABULE,SE2361,2361
SEMBABULE,SE2388,2388
SEMBABULE,SE2360,2360
SEMBABULE,SE2376,2376
SEMBABULE,SE2379,2379
SEMBABULE,SE2341,2341
SEMBABULE,SE2307,2307
SEMBABULE,SE2375,2375
SEMBABULE,SE2329,2329
SEMBABULE,SE2337,2337
SEMBABULE,SE2370,2370
SEMBABULE,SE2310,2310
SEMBABULE,SE2318,2318
SEMBABULE,SE2047,2047
SEMBABULE,SE2084,2084
SEMBABULE,SE2010,2010
SEMBABULE,SE2057,2057
SEMBABULE,SE2017,2017
SEMBABULE,SE2031,2031
SEMBABULE,SE2098,2098
SEMBABULE,SE2045,2045
SEMBABULE,SE2064,2064
SEMBABULE,SE2039,2039
SEMBABULE,SE2011,2011
SEMBABULE,SE2036,2036
SEMBABULE,SE2058,2058
SEMBABULE,SE2003,2003
SEMBABULE,se2089,2089
SEMBABULE,SE2086,2086
SEMBABULE,SE2090,2090
SEMBABULE,SE2067,2067
SEMBABULE,SE2023,2023
SEMBABULE,SE2085,2085
SEMBABULE,SE2061,2061
SEMBABULE,SE2147,2147
SEMBABULE,SE2109,2109
SEMBABULE,SE2162,2162
SEMBABULE,SE2136,2136
SEMBABULE,SE2191,2191
SEMBABULE,SE2179,2179
SEMBABULE,SE2169,2169
SEMBABULE,SE2135,2135
SEMBABULE,SE2126,2126
SEMBABULE,SE2131,2131
SEMBABULE,SE2113,2113
SEMBABULE,SE2141,2141
SEMBABULE,SE2149,2149
SEMBABULE,SE2197,2197
SEMBABULE,SE2186,2186
SEMBABULE,SE2151,2151
SEMBABULE,SE2122,2122
SEMBABULE,SE2137,2137
SEMBABULE,SE2103,2103
SEMBABULE,SE2160,2160
SEMBABULE,SE2119,2119
SEMBABULE,SE2180,2180
SEMBABULE,SE2161,2161
SEMBABULE,SE2133,2133
SEMBABULE,SE2110,2110
SEMBABULE,SE2154,2154
SEMBABULE,SE2121,2121
SEMBABULE,SE2130,2130
SEMBABULE,SE1819,1819
SEMBABULE,SE1834,1834
SEMBABULE,SE1837,1837
SEMBABULE,SE1894,1894
SEMBABULE,SE1899,1899
SEMBABULE,SE1887,1887
SEMBABULE,SE1896,1896
SEMBABULE,SE1814,1814
SEMBABULE,SE1827,1827
SEMBABULE,SE1862,1862
SEMBABULE,SE1879,1879
SEMBABULE,SE1802,1802
SEMBABULE,SE1870,1870
SEMBABULE,SE1810,1810
SEMBABULE,SE1864,1864
SEMBABULE,SE1868,1868
SEMBABULE,SE1846,1846
SEMBABULE,SE1826,1826
SEMBABULE,SE1828,1828
SEMBABULE,SE1807,1807
SEMBABULE,SE1885,1885
SEMBABULE,SE1842,1842
SEMBABULE,SE1805,1805
SEMBABULE,SE1806,1806
SEMBABULE,SE1845,1845
SEMBABULE,SE1838,1838
SEMBABULE,SE1876,1876
SEMBABULE,SE1850,1850
SEMBABULE,SE1835,1835
SEMBABULE,SE1881,1881
SEMBABULE,SE1824,1824
SEMBABULE,SE1890,1890
SEMBABULE,SE1851,1851
SEMBABULE,SE1848,1848
SEMBABULE,SE1350,1350
SEMBABULE,SE1382,1382
SEMBABULE,SE1315,1315
SEMBABULE,SE1322,1322
SEMBABULE,SE1338,1338
SEMBABULE,SE1341,1341
SEMBABULE,SE1300,1300
SEMBABULE,SE1335,1335
SEMBABULE,SE1398,1398
SEMBABULE,SE1383,1383
SEMBABULE,SE1363,1363
SEMBABULE,SE1356,1356
SEMBABULE,SE1307,1307
SEMBABULE,SE1313,1313
SEMBABULE,SE1314,1314
SEMBABULE,SE1381,1381
SEMBABULE,SE1320,1320
SEMBABULE,SE1325,1325
SEMBABULE,SE1305,1305
SEMBABULE,SE1316,1316
SEMBABULE,SE1311,1311
SEMBABULE,SE1399,1399
SEMBABULE,SE1365,1365
SEMBABULE,SE1342,1342
SEMBABULE,SE1380,1380
SEMBABULE,SE1370,1370
SEMBABULE,SE1373,1373
SEMBABULE,SE1379,1379
SEMBABULE,SE1397,1397
SEMBABULE,SE1345,1345
SEMBABULE,SE1358,1358
SEMBABULE,SE1410,1410
SEMBABULE,SE1437,1437
SEMBABULE,SE1415,1415
SEMBABULE,SE1402,1402
SEMBABULE,SE1446,1446
SEMBABULE,SE1413,1413
SEMBABULE,SE1499,1499
SEMBABULE,SE1456,1456
SEMBABULE,SE1441,1441
SEMBABULE,SE1422,1422
SEMBABULE,SE1400,1400
SEMBABULE,SE1498,1498
SEMBABULE,SE1472,1472
SEMBABULE,SE1473,1473
SEMBABULE,SE1427,1427
SEMBABULE,SE1417,1417
SEMBABULE,SE1463,1463
SEMBABULE,SE1451,1451
SEMBABULE,SE1457,1457
SEMBABULE,SE1482,1482
SEMBABULE,SE1467,1467
SEMBABULE,SE1442,1442
SEMBABULE,SE1469,1469
SEMBABULE,SE1466,1466
SEMBABULE,SE1444,1444
SEMBABULE,SE1942,1942
SEMBABULE,SE1984,1984
SEMBABULE,SE1944,1944
SEMBABULE,SE1918,1918
SEMBABULE,SE1962,1962
SEMBABULE,SE1985,1985
SEMBABULE,SE1933,1933
SEMBABULE,SE1958,1958
SEMBABULE,SE1986,1986
SEMBABULE,SE1966,1966
SEMBABULE,SE1901,1901
SEMBABULE,SE1902,1902
SEMBABULE,SE1920,1920
SEMBABULE,SE1910,1910
SEMBABULE,SE1950,1950
SEMBABULE,SE1937,1937
SEMBABULE,SE1936,1936
SEMBABULE,SE1914,1914
SEMBABULE,SE1993,1993
SEMBABULE,SE1981,1981
SEMBABULE,SE1957,1957
SEMBABULE,SE1999,1999
SEMBABULE,SE1943,1943
SEMBABULE,SE1995,1995
SEMBABULE,SE1930,1930
SEMBABULE,SE1903,1903
SEMBABULE,SE1924,1924
SEMBABULE,SE2738,2738
SEMBABULE,SE-2724,2724
SEMBABULE,SE2723,2723
SEMBABULE,SE2719,2719
SEMBABULE,SE2732,2732
SEMBABULE,SE2707,2707
SEMBABULE,SE2703,2703
SEMBABULE,SE2727,2727
SEMBABULE,SE2746,2746
SEMBABULE,SE2725,2725
SEMBABULE,SE1588,1588
SEMBABULE,SE1579,1579
SEMBABULE,SE1557,1557
SEMBABULE,SE1573,1573
SEMBABULE,SE1566,1566
SEMBABULE,SE1567,1567
SEMBABULE,SE1546,1546
SEMBABULE,SE1581,1581
SEMBABULE,SE1552,1552
SEMBABULE,SE1593,1593
SEMBABULE,SE1532,1532
SEMBABULE,SE1513,1513
SEMBABULE,SE1506,1506
SEMBABULE,SE1592,1592
SEMBABULE,SE1550,1550
SEMBABULE,SE1525,1525
SEMBABULE,SE1572,1572
SEMBABULE,SE1528,1528
SEMBABULE,SE1539,1539
SEMBABULE,SE1574,1574
SEMBABULE,SE1541,1541
SEMBABULE,SE1563,1563
SEMBABULE,SE1591,1591
SEMBABULE,SE1577,1577
SEMBABULE,SE1585,1585
SEMBABULE,SE1580,1580
SEMBABULE,SE1679,1679
SEMBABULE,SE1606,1606
SEMBABULE,SE1677,1677
SEMBABULE,SE1652,1652
SEMBABULE,SE1600,1600
SEMBABULE,SE1650,1650
SEMBABULE,SE1649,1649
SEMBABULE,SE1662,1662
SEMBABULE,SE1669,1669
SEMBABULE,SE1611,1611
SEMBABULE,SE1676,1676
SEMBABULE,SE1610,1610
SEMBABULE,SE1604,1604
SEMBABULE,SE1666,1666
SEMBABULE,SE1616,1616
SEMBABULE,SE1612,1612
SEMBABULE,SE1641,1641
SEMBABULE,SE1668,1668
SEMBABULE,SE1614,1614
SEMBABULE,SE1602,1602
SEMBABULE,SE1615,1615
SEMBABULE,SE1619,1619
SEMBABULE,SE1695,1695
SEMBABULE,SE1635,1635
SEMBABULE,SE1689,1689
SEMBABULE,SE1690,1690
SEMBABULE,SE1693,1693
SEMBABULE,SE1773,1773
SEMBABULE,SE1778,1778
SEMBABULE,SE1792,1792
SEMBABULE,SE1714,1714
SEMBABULE,SE1743,1743
SEMBABULE,SE1776,1776
SEMBABULE,SE1711,1711
SEMBABULE,SE1769,1769
SEMBABULE,SE1726,1726
SEMBABULE,SE1702,1702
SEMBABULE,SE1704,1704
SEMBABULE,SE1798,1798
SEMBABULE,SE1735,1735
SEMBABULE,SE1715,1715
SEMBABULE,SE1744,1744
SEMBABULE,SE1741,1741
SEMBABULE,SE1730,1730
SEMBABULE,SE1786,1786
SEMBABULE,SE1717,1717
SEMBABULE,SE1789,1789
SEMBABULE,SE1725,1725
SEMBABULE,SE1793,1793
SEMBABULE,SE1756,1756
SEMBABULE,SE1216,1216
SEMBABULE,SE1295,1295
SEMBABULE,SE1242,1242
SEMBABULE,SE1230,1230
SEMBABULE,SE1251,1251
SEMBABULE,SE1207,1207
SEMBABULE,SE1283,1283
SEMBABULE,SE1299,1299
SEMBABULE,SE1281,1281
SEMBABULE,SE1249,1249
SEMBABULE,SE1206,1206
SEMBABULE,SE1293,1293
SEMBABULE,SE1271,1271
SEMBABULE,SE1264,1264
SEMBABULE,SE1219,1219
SEMBABULE,SE1276,1276
SEMBABULE,SE1292,1292
SEMBABULE,SE1250,1250
SEMBABULE,SE1298,1298
SEMBABULE,SE1284,1284
SEMBABULE,SE1289,1289
SEMBABULE,SE1228,1228
SEMBABULE,SE1213,1213
SEMBABULE,SE1105,1105
SEMBABULE,SE1122,1122
SEMBABULE,SE11198,11198
SEMBABULE,SE1199,1199
SEMBABULE,SE1108,1108
SEMBABULE,SE1191,1191
SEMBABULE,SE1118,1118
SEMBABULE,SE1169,1169
SEMBABULE,SE1130,1130
SEMBABULE,SE1106,1106
SEMBABULE,SE1120,1120
SEMBABULE,SE1113,1113
SEMBABULE,SE1170,1170
SEMBABULE,SE1123,1123
SEMBABULE,SE1102,1102
SEMBABULE,SE1179,1179
SEMBABULE,SE1133,1133
SEMBABULE,SE1157,1157
SEMBABULE,SE1116,1116
SEMBABULE,SE1160,1160
SEMBABULE,SE1107,1107
SEMBABULE,SE1009,1009
SEMBABULE,SE1084,1084
SEMBABULE,SE1021,1021
SEMBABULE,SE1036,1036
SEMBABULE,SE1073,1073
SEMBABULE,SE1096,1096
SEMBABULE,SE1052,1052
SEMBABULE,SE1082,1082
SEMBABULE,SE1088,1088
SEMBABULE,SE1057,1057
SEMBABULE,SE1066,1066
SEMBABULE,SE1081,1081
SEMBABULE,SE1092,1092
SEMBABULE,SE1014,1014
SEMBABULE,SE1016,1016
SEMBABULE,SE1085,1085
SEMBABULE,SE-1017,1017
SEMBABULE,SE1063,1063
SEMBABULE,SE1010,1010
SEMBABULE,SE1099,1099
SEMBABULE,SE1007,1007
SEMBABULE,SE1011,1011
SEMBABULE,SE1062,1062
SEMBABULE,SE1074,1074
SEMBABULE,SE1037,1037
SEMBABULE,SE990,990
SEMBABULE,SE937,937
SEMBABULE,SE985,985
SEMBABULE,SE959,959
SEMBABULE,SE987,987
SEMBABULE,SE974,974
SEMBABULE,SE941,941
SEMBABULE,SE942,942
SEMBABULE,SE998,998
SEMBABULE,SE903,903
SEMBABULE,SE949,949
SEMBABULE,SE971,971
SEMBABULE,SE989,989
SEMBABULE,SE943,943
SEMBABULE,SE855,855
SEMBABULE,SE842,842
SEMBABULE,SE854,854
SEMBABULE,SE848,848
SEMBABULE,SE823,823
SEMBABULE,SE839,839
SEMBABULE,SE899,899
SEMBABULE,SE831,831
SEMBABULE,SE857,857
SEMBABULE,SE834,834
SEMBABULE,SE801,801
SEMBABULE,SE810,810
SEMBABULE,SE827,827
SEMBABULE,SE791,791
SEMBABULE,SE707,707
SEMBABULE,SE757,757
SEMBABULE,SE735,735
SEMBABULE,SE733,733
SEMBABULE,SE763,763
SEMBABULE,SE758,758
SEMBABULE,SE740,740
SEMBABULE,SE731,731
SEMBABULE,SE749,749
SEMBABULE,SE703,703
SEMBABULE,SE737,737
SEMBABULE,SE748,748
SEMBABULE,SE738,738
SEMBABULE,SE2269,2269
SEMBABULE,SE2248,2248
SEMBABULE,SE2261,2261
SEMBABULE,SE2208,2208
SEMBABULE,SE2287,2287
SEMBABULE,SE2276,2276
SEMBABULE,SE2214,2214
SEMBABULE,SE2205,2205
SEMBABULE,SE2221,2221
SEMBABULE,SE2298,2298
SEMBABULE,SE2203,2203
SEMBABULE,SE2225,2225
SEMBABULE,SE2204,2204
SEMBABULE,SE2218,2218
SEMBABULE,SE2212,2212
SEMBABULE,SE2260,2260
SEMBABULE,SE2270,2270
SEMBABULE,SE2231,2231
SEMBABULE,SE2264,2264
SEMBABULE,SE2288,2288
SEMBABULE,SE2200,2200
SEMBABULE,SE672,672
SEMBABULE,SE623,623
SEMBABULE,SE602,602
SEMBABULE,SE643,643
SEMBABULE,SE644,644
SEMBABULE,SE612,612
SEMBABULE,SE640,640
SEMBABULE,SE689,689
SEMBABULE,SE668,668
SEMBABULE,SE659,659
SEMBABULE,SE647,647
SEMBABULE,SE695,695
SEMBABULE,SE601,601
SEMBABULE,SE2543,2543
SEMBABULE,SE2554,2554
SEMBABULE,SE2531,2531
SEMBABULE,SE2577,2577
SEMBABULE,SE2503,2503
SEMBABULE,SE2571,2571
SEMBABULE,SE2510,2510
SEMBABULE,SE2586,2586
SEMBABULE,SE2567,2567
SEMBABULE,SE2593,2593
SEMBABULE,SE2513,2513
SEMBABULE,SE3531,3531
SEMBABULE,SE2569,2569
SEMBABULE,SE2597,2597
SEMBABULE,SE2508,2508
SEMBABULE,SE2590,2590
SEMBABULE,SE2524,2524
SEMBABULE,SE2550,2550
SEMBABULE,SE2556,2556
SEMBABULE,SE2506,2506
SEMBABULE,SE2574,2574
SEMBABULE,SE533,533
SEMBABULE,SE2572,2572
SEMBABULE,SE2433,2433
SEMBABULE,SE2473,2473
SEMBABULE,SE2415,2415
SEMBABULE,SE2476,2476
SEMBABULE,SE2428,2428
SEMBABULE,SE2440,2440
SEMBABULE,SE2485,2485
SEMBABULE,SE2420,2420
SEMBABULE,SE2429,2429
SEMBABULE,SE2495,2495
SEMBABULE,SE2497,2497
SEMBABULE,SE2430,2430
SEMBABULE,SE2498,2498
SEMBABULE,SE2444,2444
SEMBABULE,SE2493,2493
SEMBABULE,SE2463,2463
SEMBABULE,SE2462,2462
SEMBABULE,SE2409,2409
SEMBABULE,SE2407,2407
SEMBABULE,SE2402,2402
SEMBABULE,SE2403,2403
SEMBABULE,SE2414,2414
SEMBABULE,SE2404,2404
SEMBABULE,SE510,510
SEMBABULE,SE582,582
SEMBABULE,SE600,600
SEMBABULE,SE526,526
SEMBABULE,SE599,599
SEMBABULE,SE516,516
SEMBABULE,SE527,527
SEMBABULE,SE572,572
SEMBABULE,SE569,569
SEMBABULE,SE501,501
SEMBABULE,SE500,500
SEMBABULE,SE592,592
SEMBABULE,SE587,587
SEMBABULE,SE509,509
SEMBABULE,SE548,548
SEMBABULE,SE566,566
SEMBABULE,SE571,571
SEMBABULE,SE525,525
SEMBABULE,SE591,591
SEMBABULE,SE577,577
SEMBABULE,SE551,551
SEMBABULE,SE459,459
SEMBABULE,SE405,405
SEMBABULE,SE455,455
SEMBABULE,SE456,456
SEMBABULE,SE433,433
SEMBABULE,SE409,409
SEMBABULE,SE434,434
SEMBABULE,SE443,443
SEMBABULE,SE444,444
SEMBABULE,SE413,413
SEMBABULE,SE439,439
SEMBABULE,SE435,435
SEMBABULE,SE450,450
SEMBABULE,SE448,448
SEMBABULE,SE449,449
SEMBABULE,SE406,406
SEMBABULE,SE385,385
SEMBABULE,SE343,343
SEMBABULE,SE340,340
SEMBABULE,SE336,336
SEMBABULE,SE335,335
SEMBABULE,SE404,404
SEMBABULE,SE392,392
SEMBABULE,SE360,360
SEMBABULE,SE366,366
SEMBABULE,SE300,300
SEMBABULE,SE387,387
SEMBABULE,SE363,363
SEMBABULE,SE338,338
SEMBABULE,SE339,339
SEMBABULE,SE389,389
SEMBABULE,SE352,352
SEMBABULE,SE358,358
SEMBABULE,SE330,330
SEMBABULE,SE303,303
SEMBABULE,SE305,305
SEMBABULE,SE345,345
SEMBABULE,SE354,354
SEMBABULE,SE325,325
SEMBABULE,SE614,614
SEMBABULE,SE604,604
SEMBABULE,SE609,609
SEMBABULE,SE277,277
SEMBABULE,SE267,267
SEMBABULE,SE261,261
SEMBABULE,SE205,205
SEMBABULE,SE212,212
SEMBABULE,SE222,222
SEMBABULE,SE228,228
SEMBABULE,SE214,214
SEMBABULE,SE224,224
SEMBABULE,SE293,293
SEMBABULE,SE279,279
SEMBABULE,SE201,201
SEMBABULE,SE281,281
SEMBABULE,SE215,215
SEMBABULE,SE257,257
SEMBABULE,SE269,269
SEMBABULE,SE295,295
SEMBABULE,SE241,241
SEMBABULE,SE278,278
SEMBABULE,SE239,239
SEMBABULE,SE252,252
SEMBABULE,SE283,283
SEMBABULE,SE296,296
SEMBABULE,SE256,256
SEMBABULE,SE234,234
SEMBABULE,SE217,217
SEMBABULE,SE200,200
SEMBABULE,SE275,275
SEMBABULE,SE221,221
SEMBABULE,SE144,144
SEMBABULE,SE101,101
SEMBABULE,SE183,183
SEMBABULE,SE182,182
SEMBABULE,SE130,130
SEMBABULE,SE177,177
SEMBABULE,SE122,122
SEMBABULE,SE179,179
SEMBABULE,SE:0167,167
SEMBABULE,SE174,174
SEMBABULE,SE188,188
SEMBABULE,SE103,103
SEMBABULE,SE112,112
SEMBABULE,SE146,146
SEMBABULE,SE134,134
SEMBABULE,SE127,127
SEMBABULE,SE123,123
SEMBABULE,SE176,176
SEMBABULE,SE195,195
SEMBABULE,SE118,118
SEMBABULE,SE192,192
SEMBABULE,SE117,117
SEMBABULE,SE180,180
SEMBABULE,SE155,155
SEMBABULE,SE197,197
SEMBABULE,SE137,137
SEMBABULE,SE107,107
SEMBABULE,SE133,133
SEMBABULE,SE151,151
SEMBABULE,SE164,164
SEMBABULE,SE154,154
SEMBABULE,SE166,166
SEMBABULE,SE139,139
SEMBABULE,SE073,73
SEMBABULE,SE034,34
SEMBABULE,SE032,32
SEMBABULE,SE039,39
SEMBABULE,SE045,45
SEMBABULE,SE010,10
SEMBABULE,SE019,19
SEMBABULE,SE077,77
SEMBABULE,SE058,58
SEMBABULE,SE00018,18
SEMBABULE,SE041,41
SEMBABULE,SE066,66
SEMBABULE,SE014,14
SEMBABULE,SE071,71
SEMBABULE,SE033,33
SEMBABULE,SE086,86
SEMBABULE,SE088,88
SEMBABULE,SE030,30
SEMBABULE,SE038,38
SEMBABULE,SE00003,3
SEMBABULE,SE035,35
SEMBABULE,SE069,69
SEMBABULE,SE029,29
SEMBABULE,SE093,93
SEMBABULE,SE498,498
SEMBABULE,SE1425,1425
SEMBABULE,SE1640,1640
SEMBABULE,SE2452,2452
SEMBABULE,SE786,786
SEMBABULE,SE2316,2316
SEMBABULE,SE2417,2417
SEMBABULE,SE2216,2216
SEMBABULE,SE2445,2445
SEMBABULE,SE2285,2285
SEMBABULE,SE2539,2539
SEMBABULE,SE2153,2153
SEMBABULE,SE1703,1703
SEMBABULE,SE1626,1626
SEMBABULE,SE2195,2195
SEMBABULE,SE2566,2566
SEMBABULE,SE2077,2077
SEMBABULE,SE2423,2423
SEMBABULE,SE2523,2523
SEMBABULE,SE2226,2226
SEMBABULE,SE2129,2129
SEMBABULE,SE2172,2172
SEMBABULE,SE2555,2555
SEMBABULE,SE2540,2540
SEMBABULE,SE2048,2048
SEMBABULE,SE2551,2551
SEMBABULE,SE2777,2777
SEMBABULE,SE2704,2704
SEMBABULE,SE2728,2728
SEMBABULE,SE2772,2772
SEMBABULE,SE2755,2755
SEMBABULE,SE2778,2778
SEMBABULE,SE2771,2771
SEMBABULE,SE2744,2744
SEMBABULE,SE2750,2750
SEMBABULE,SE2740,2740
SEMBABULE,SE2788,2788
SEMBABULE,SE2759,2759
SEMBABULE,SE2780,2780
SEMBABULE,SE2790,2790
SEMBABULE,SE2769,2769
SEMBABULE,SE2783,2783
SEMBABULE,SE2784,2784
SEMBABULE,SE2785,2785
SEMBABULE,SE2745,2745
SEMBABULE,SE2748,2748
SEMBABULE,SE2762,2762
SEMBABULE,SE2757,2757
SEMBABULE,SE2712,2712
SEMBABULE,SE2701,2701
SEMBABULE,SE2714,2714
SEMBABULE,SE2708,2708
SEMBABULE,SE2752,2752
SEMBABULE,SE2737,2737
SEMBABULE,SE2734,2734
SEMBABULE,SE2729,2729
SEMBABULE,SE2765,2765
SEMBABULE,SE1747,1747
SEMBABULE,SE2753,2753
SEMBABULE,SE2774,2774
SEMBABULE,SE2716,2716
SEMBABULE,SE2739,2739
SEMBABULE,SE2773,2773
SEMBABULE,SE2766,2766
SEMBABULE,SE2787,2787
SEMBABULE,SE2754,2754
SEMBABULE,SE2763,2763
SEMBABULE,SE2706,2706
SEMBABULE,SE2702,2702
SEMBABULE,SE2736,2736
SEMBABULE,SE2705,2705
SEMBABULE,SE2742,2742
SEMBABULE,SE2688,2688
SEMBABULE,SE2690,2690
SEMBABULE,SE2664,2664
SEMBABULE,SE2665,2665
SEMBABULE,SE2615,2615
SEMBABULE,SE2666,2666
SEMBABULE,SE2627,2627
SEMBABULE,SE2695,2695
SEMBABULE,SE2649,2649
SEMBABULE,SE2628,2628
SEMBABULE,SE2677,2677
SEMBABULE,SE2684,2684
SEMBABULE,SE2648,2648
SEMBABULE,SE2694,2694
SEMBABULE,SE2663,2663
SEMBABULE,SE2614,2614
SEMBABULE,SE2617,2617
SEMBABULE,SE2644,2644
SEMBABULE,SE2645,2645
SEMBABULE,SE2674,2674
SEMBABULE,SE2682,2682
SEMBABULE,SE2623,2623
SEMBABULE,SE2609,2609
SEMBABULE,SE2656,2656
SEMBABULE,SE2512,2512
SEMBABULE,SE2685,2685
SEMBABULE,SE2606,2606
SEMBABULE,SE2612,2612
SEMBABULE,SE2691,2691
SEMBABULE,SE2669,2669
SEMBABULE,SE2680,2680
SEMBABULE,SE2573,2573
SEMBABULE,SE2583,2583
SEMBABULE,SE2589,2589
SEMBABULE,SE2536,2536
SEMBABULE,SE2592,2592
SEMBABULE,SE2537,2537
SEMBABULE,SE2534,2534
SEMBABULE,SE2579,2579
SEMBABULE,SE2596,2596
SEMBABULE,SE2561,2561
SEMBABULE,SE2546,2546
SEMBABULE,SE2544,2544
SEMBABULE,SE2580,2580
SEMBABULE,SE2564,2564
SEMBABULE,SE2584,2584
SEMBABULE,SE2522,2522
SEMBABULE,se2528,2528
SEMBABULE,SE2426,2426
SEMBABULE,SE2425,2425
SEMBABULE,SE2479,2479
SEMBABULE,SE2438,2438
SEMBABULE,SE2411,2411
SEMBABULE,SE2491,2491
SEMBABULE,SE2448,2448
SEMBABULE,SE2461,2461
SEMBABULE,SE2413,2413
SEMBABULE,SE2474,2474
SEMBABULE,SE2442,2442
SEMBABULE,SE2487,2487
SEMBABULE,SE2458,2458
SEMBABULE,SE2464,2464
SEMBABULE,SE2441,2441
SEMBABULE,SE2412,2412
SEMBABULE,SE2481,2481
SEMBABULE,SE2496,2496
SEMBABULE,SE2478,2478
SEMBABULE,SE2346,2346
SEMBABULE,SE2374,2374
SEMBABULE,SE2334,2334
SEMBABULE,SE2323,2323
SEMBABULE,SE2331,2331
SEMBABULE,SE2317,2317
SEMBABULE,SE2390,2390
SEMBABULE,SE2350,2350
SEMBABULE,SE2395,2395
SEMBABULE,SE2362,2362
SEMBABULE,SE2339,2339
SEMBABULE,SE2330,2330
SEMBABULE,SE2306,2306
SEMBABULE,SE2311,2311
SEMBABULE,SE2398,2398
SEMBABULE,SE2305,2305
SEMBABULE,SE2393,2393
SEMBABULE,SE2383,2383
SEMBABULE,SE2235,2235
SEMBABULE,SE2222,2222
SEMBABULE,SE2251,2251
SEMBABULE,SE2292,2292
SEMBABULE,SE2284,2284
SEMBABULE,SE2263,2263
SEMBABULE,SE2290,2290
SEMBABULE,SE2283,2283
SEMBABULE,SE2252,2252
SEMBABULE,SE2234,2234
SEMBABULE,SE2262,2262
SEMBABULE,SE2246,2246
SEMBABULE,SE2213,2213
SEMBABULE,SE2182,2182
SEMBABULE,SE2116,2116
SEMBABULE,SE2157,2157
SEMBABULE,SE2199,2199
SEMBABULE,SE2155,2155
SEMBABULE,SE2159,2159
SEMBABULE,SE2115,2115
SEMBABULE,SE2150,2150
SEMBABULE,SE2158,2158
SEMBABULE,SE2184,2184
SEMBABULE,SE2196,2196
SEMBABULE,SE2099,2099
SEMBABULE,SE2087,2087
SEMBABULE,SE2071,2071
SEMBABULE,SE2068,2068
SEMBABULE,SE2012,2012
SEMBABULE,SE2016,2016
SEMBABULE,SE2013,2013
SEMBABULE,SE2015,2015
SEMBABULE,SE2079,2079
SEMBABULE,SE2070,2070
SEMBABULE,SE2080,2080
SEMBABULE,SE2081,2081
SEMBABULE,SE1996,1996
SEMBABULE,SE1961,1961
SEMBABULE,SE1964,1964
SEMBABULE,SE1925,1925
SEMBABULE,SE1938,1938
SEMBABULE,SE1982,1982
SEMBABULE,SE1978,1978
SEMBABULE,SE1916,1916
SEMBABULE,SE1821,1821
SEMBABULE,SE1822,1822
SEMBABULE,SE1883,1883
SEMBABULE,SE1892,1892
SEMBABULE,SE1898,1898
SEMBABULE,SE1863,1863
SEMBABULE,SE1847,1847
SEMBABULE,SE1856,1856
SEMBABULE,SE858,858
SEMBABULE,SE2250,2250
SEMBABULE,SE2123,2123
SEMBABULE,SE2313,2313
SEMBABULE,SE1991,1991
SEMBABULE,SE2489,2489
SEMBABULE,SE2422,2422
SEMBABULE,SE1701,1701
SEMBABULE,SE1752,1752
SEMBABULE,SE1605,1605
SEMBABULE,SE2365,2365
SEMBABULE,SE1651,1651
SEMBABULE,SE893,893
SEMBABULE,SE2267,2267
SEMBABULE,SE1407,1407
SEMBABULE,SE1987,1987
SEMBABULE,SE2233,2233
SEMBABULE,SE2254,2254
SEMBABULE,SE2181,2181
SEMBABULE,SE2326,2326
SEMBABULE,SE2548,2548
SEMBABULE,SE583,583
SEMBABULE,SE2570,2570
SEMBABULE,SE2004,2004
SEMBABULE,SE408,408
SEMBABULE,SE2021,2021
SEMBABULE,SE2363,2363
SEMBABULE,SE2120,2120
SEMBABULE,SE6794,6794
SEMBABULE,SE2249,2249
SEMBABULE,SE2557,2557
SEMBABULE,SE1785,1785
SEMBABULE,SE2454,2454
SEMBABULE,SE2514,2514
SEMBABULE,SE395,395
SEMBABULE,SE1799,1799
SEMBABULE,SE2148,2148
SEMBABULE,SE1018,1018
SEMBABULE,SE832,832
SEMBABULE,SE2054,2054
SEMBABULE,SE2273,2273
SEMBABULE,SE2488,2488
SEMBABULE,SE1781,1781
SEMBABULE,SE2281,2281
SEMBABULE,SE2401,2401
SEMBABULE,SE2344,2344
SEMBABULE,SE2280,2280
SEMBABULE,SE1618,1618
SEMBABULE,SE2492,2492
SEMBABULE,SE2509,2509
SEMBABULE,SE2465,2465
SEMBABULE,SE1974,1974
SEMBABULE,SE2247,2247
SEMBABULE,SE2408,2408
SEMBABULE,SE2303,2303
SEMBABULE,SE2220,2220
SEMBABULE,SE2516,2516
SEMBABULE,SE2007,2007
SEMBABULE,SE2060,2060
SEMBABULE,SE2190,2190
SEMBABULE,SE2253,2253
SEMBABULE,SE2455,2455
SEMBABULE,SE2167,2167
SEMBABULE,SE2286,2286
SEMBABULE,SE2005,2005
SEMBABULE,SE1740,1740
SEMBABULE,SE2014,2014
SEMBABULE,SE1621,1621
SEMBABULE,SE2074,2074
SEMBABULE,SE2210,2210
SEMBABULE,SE2622,2622
SEMBABULE,SE2424,2424
SEMBABULE,SE2507,2507
SEMBABULE,SE1699,1699
SEMBABULE,SE522,522
SEMBABULE,SE232,232
SEMBABULE,SE1718,1718
SEMBABULE,SE1360,1360
SEMBABULE,SE2108,2108
SEMBABULE,SE1575,1575
SEMBABULE,SE2049,2049
SEMBABULE,SE2449,2449
SEMBABULE,SE1754,1754
SEMBABULE,SE2434,2434
SEMBABULE,SE2418,2418
SEMBABULE,SE1647,1647
SEMBABULE,SE2563,2563
SEMBABULE,SE1971,1971
SEMBABULE,SE1455,1455
SEMBABULE,SE1664,1664
SEMBABULE,SE1712,1712
SEMBABULE,SE282,282
SEMBABULE,SE208,208
SEMBABULE,SE2505,2505
SEMBABULE,SE1357,1357
SEMBABULE,SE2432,2432
SEMBABULE,SE2315,2315
SEMBABULE,SE1391,1391
SEMBABULE,SE2209,2209
SEMBABULE,SE415,415
SEMBABULE,SE1908,1908
SEMBABULE,SE1019,1019
SEMBABULE,SE2482,2482
SEMBABULE,SE2166,2166
SEMBABULE,SE1601,1601
SEMBABULE,SE1006,1006
SEMBABULE,SE2245,2245
SEMBABULE,SE1620,1620
SEMBABULE,SE1075,1075
SEMBABULE,SE2289,2289
SEMBABULE,SE2300,2300
SEMBABULE,SE2227,2227
SEMBABULE,SE1771,1771
SEMBABULE,SE2258,2258
SEMBABULE,SE2152,2152
SEMBABULE,SE2184B,2184
SEMBABULE,SE2138,2138
SEMBABULE,SE2242,2242
SEMBABULE,SE2145,2145
SEMBABULE,SE1707,1707
SEMBABULE,SE2125,2125
SEMBABULE,SE2100,2100
SEMBABULE,SE895,895
SEMBABULE,SE 1351,1351
SEMBABULE,SE2304,2304
SEMBABULE,SE2535,2535
SEMBABULE,SE2274,2274
SEMBABULE,SE2486,2486
SEMBABULE,SE1443,1443
SEMBABULE,SE2549,2549
SEMBABULE,SE2439,2439
SEMBABULE,SE2568,2568
SEMBABULE,SE2547,2547
SEMBABULE,SE955,955
SEMBABULE,SE1003,1003
SEMBABULE,SE2268,2268
SEMBABULE,SE2639,2639
SEMBABULE,SE2595,2595
SEMBABULE,SE1840,1840
SEMBABULE,SE2211,2211
SEMBABULE,SE2520,2520
SEMBABULE,SE2427,2427
SEMBABULE,SE1656,1656
SEMBABULE,SE495,495
SEMBABULE,SE159,159
SEMBABULE,SE1719,1719
SEMBABULE,SE2207,2207
SEMBABULE,SE2387,2387
SEMBABULE,SE2519,2519
SEMBABULE,SE1972,1972
SEMBABULE,SE1241,1241
SEMBABULE,SE2128,2128
SEMBABULE,SE2558,2558
SEMBABULE,SE1599,1599
SEMBABULE,SE1622,1622
SEMBABULE,SE2296,2296
SEMBABULE,SE2380,2380
SEMBABULE,SE2171,2171
SEMBABULE,SE2059,2059
SEMBABULE,SE2588,2588
SEMBABULE,SE2333,2333
SEMBABULE,SE1872,1872
SEMBABULE,SE1696,1696
SEMBABULE,SE2533,2533
SEMBABULE,SE2587,2587
SEMBABULE,SE1642,1642
SEMBABULE,SE2446,2446
SEMBABULE,SE2188,2188
SEMBABULE,SE2504,2504
SEMBABULE,SE1419,1419
SEMBABULE,SE1687,1687
SEMBABULE,SE2201,2201
SEMBABULE,SE2382,2382
SEMBABULE,SE2164,2164
SEMBABULE,SE2553,2553
SEMBABULE,SE1421,1421
SEMBABULE,SE1448,1448
SEMBABULE,SE1420,1420
SEMBABULE,SE1435,1435
SEMBABULE,SE1452,1452
SEMBABULE,SE1484,1484
SEMBABULE,SE1486,1486
SEMBABULE,SE1497,1497
SEMBABULE,SE1603,1603
SEMBABULE,SE1570,1570
SEMBABULE,SE1553,1553
SEMBABULE,SE1510,1510
SEMBABULE,SE1595,1595
SEMBABULE,SE1385,1385
SEMBABULE,SE1587,1587
SEMBABULE,SE1542,1542
SEMBABULE,SE1722,1722
SEMBABULE,SE1750,1750
SEMBABULE,SE1727,1727
SEMBABULE,SE01632,1632
SEMBABULE,SE1646,1646
SEMBABULE,SE1624,1624
SEMBABULE,SE1648,1648
SEMBABULE,SE1638,1638
SEMBABULE,SE1310,1310
SEMBABULE,SE1362,1362
SEMBABULE,SE947,947
SEMBABULE,SE944,944
SEMBABULE,SE809,809
SEMBABULE,SE1215,1215
SEMBABULE,SE1288,1288
SEMBABULE,SE1212,1212
SEMBABULE,SE1217,1217
SEMBABULE,SE1223,1223
SEMBABULE,SE1297,1297
SEMBABULE,SE1291,1291
SEMBABULE,SE1156,1156
SEMBABULE,SE1150,1150
SEMBABULE,SE1124,1124
SEMBABULE,SE1060,1060
SEMBABULE,SE1098,1098
SEMBABULE,SE1035,1035
SEMBABULE,SE156,156
SEMBABULE,SE145,145
SEMBABULE,SE181,181
SEMBABULE,SE320,320
SEMBABULE,SE346,346
SEMBABULE,SE491,491
SEMBABULE,SE402,402
SEMBABULE,SE499,499
SEMBABULE,SE446,446
SEMBABULE,SE732,732
SEMBABULE,SE750,750
SEMBABULE,SE550,550
SEMBABULE,SE635,635
SEMBABULE,SE675,675
SEMBABULE,SE606,606
SEMBABULE,SE1306,1306
SEMBABULE,SE1536,1536
SEMBABULE,SE1644,1644
SEMBABULE,SE1582,1582
SEMBABULE,SE1686,1686
SEMBABULE,SE1502,1502
SEMBABULE,SE1334,1334
SEMBABULE,SE1917,1917
SEMBABULE,SE1523,1523
SEMBABULE,SE1522,1522
SEMBABULE,SE1829,1829
SEMBABULE,SE1555,1555
SEMBABULE,SE1665,1665
SEMBABULE,SE1372,1372
SEMBABULE,SE1969,1969
SEMBABULE,SE2046,2046
SEMBABULE,SE1511,1511
SEMBABULE,SE1688,1688
SEMBABULE,SE1317,1317
SEMBABULE,SE2075,2075
SEMBABULE,SE2042,2042
SEMBABULE,SE1161,1161
SEMBABULE,SE1225,1225
SEMBABULE,SE1905,1905
SEMBABULE,SE1556,1556
SEMBABULE,SE1791,1791
SEMBABULE,SE1825,1825
SEMBABULE,SE1318,1318
SEMBABULE,SE2037,2037
SEMBABULE,SE1371,1371
SEMBABULE,SE1319,1319
SEMBABULE,SE1374,1374
SEMBABULE,SE2255,2255
SEMBABULE,SE1724,1724
SEMBABULE,SE1561,1561
SEMBABULE,SE2257,2257
SEMBABULE,SE1906,1906
SEMBABULE,SE1104,1104
SEMBABULE,SE1475,1475
SEMBABULE,SE2065,2065
SEMBABULE,SE2259,2259
SEMBABULE,SE1634,1634
SEMBABULE,SE1436,1436
SEMBABULE,SE1597,1597
SEMBABULE,SE1977,1977
SEMBABULE,SE1516,1516
SEMBABULE,SE229,229
SEMBABULE,SE1678,1678
SEMBABULE,SE1252,1252
SEMBABULE,SE1524,1524
SEMBABULE,SE1568,1568
SEMBABULE,SE1535,1535
SEMBABULE,SE1548,1548
SEMBABULE,SE1560,1560
SEMBABULE,SE1667,1667
SEMBABULE,SE1431,1431
SEMBABULE,SE1643,1643
SEMBABULE,SE1765,1765
SEMBABULE,SE2385,2385
SEMBABULE,SE2483,2483
SEMBABULE,SE1515,1515
SEMBABULE,SE1658,1658
SEMBABULE,SE1796,1796
SEMBABULE,SE1673,1673
SEMBABULE,SE1979,1979
SEMBABULE,SE1980,1980
SEMBABULE,SE1694,1694
SEMBABULE,SE1344,1344
SEMBABULE,SE1766,1766
SEMBABULE,SE1493,1493
SEMBABULE,SE1584,1584
SEMBABULE,SE1680,1680
SEMBABULE,SE1578,1578
SEMBABULE,SE1877,1877
SEMBABULE,SE1857,1857
SEMBABULE,SE1820,1820
SEMBABULE,SE1589,1589
SEMBABULE,SE 3862,3862
SEMBABULE,SE2043,2043
SEMBABULE,SE1409,1409
SEMBABULE,SE1440,1440
SEMBABULE,SE1428,1428
SEMBABULE,SE1336,1336
SEMBABULE,SE2082,2082
SEMBABULE,SE1777,1777
SEMBABULE,SE2114,2114
SEMBABULE,SE1809,1809
SEMBABULE,SE2217,2217
SEMBABULE,SE1492,1492
SEMBABULE,SE2189,2189
SEMBABULE,SE1853,1853
SEMBABULE,SE1312,1312
SEMBABULE,SE1731,1731
SEMBABULE,SE1478,1478
SEMBABULE,SE1364,1364
SEMBABULE,SE1645,1645
SEMBABULE,SE1889,1889
SEMBABULE,SE1386,1386
SEMBABULE,SE1450,1450
SEMBABULE,SE2675,2675
SEMBABULE,SE1534,1534
SEMBABULE,SE1683,1683
SEMBABULE,SE1923,1923
SEMBABULE,SE1728,1728
SEMBABULE,SE1359,1359
SEMBABULE,SE2024,2024
SEMBABULE,SE2035,2035
SEMBABULE,SE1367,1367
SEMBABULE,SE1178,1178
SEMBABULE,SE1843,1843
SEMBABULE,SE1355,1355
SEMBABULE,SE1801,1801
SEMBABULE,SE1953,1953
SEMBABULE,SE1947,1947
SEMBABULE,SE1968,1968
SEMBABULE,SE1416,1416
SEMBABULE,SE1927,1927
SEMBABULE,SE2178,2178
SEMBABULE,SE1685,1685
SEMBABULE,SE1460,1460
SEMBABULE,SE1998,1998
SEMBABULE,SE1303,1303
SEMBABULE,SE1733,1733
SEMBABULE,SE1321,1321
SEMBABULE,SE1757,1757
SEMBABULE,SE1521,1521
SEMBABULE,SE1915,1915
SEMBABULE,SE2112,2112
SEMBABULE,SE1193,1193
SEMBABULE,SE2032,2032
SEMBABULE,SE1349,1349
SEMBABULE,SE1723,1723
SEMBABULE,SE1565,1565
SEMBABULE,SE2132,2132
SEMBABULE,SE1989,1989
SEMBABULE,SE1187,1187
SEMBABULE,SE1888,1888
SEMBABULE,SE1491,1491
SEMBABULE,SE1590,1590
SEMBABULE,SE2063,2063
SEMBABULE,SE1387,1387
SEMBABULE,SE1001,1001
SEMBABULE,SE1253,1253
SEMBABULE,SE1875,1875
SEMBABULE,SE1959,1959
SEMBABULE,SE1672,1672
SEMBABULE,SE1720,1720
SEMBABULE,SE1928,1928
SEMBABULE,SE1200,1200
SEMBABULE,SE1951,1951
SEMBABULE,SE1480,1480
SEMBABULE,SE1797,1797
SEMBABULE,SE148,148
SEMBABULE,se110,110
SEMBABULE,SE113,113
SEMBABULE,SE1330,1330
SEMBABULE,SE1596,1596
SEMBABULE,SE1329,1329
SEMBABULE,SE1816,1816
SEMBABULE,SE2146,2146
SEMBABULE,SE1197,1197
SEMBABULE,SE1393,1393
SEMBABULE,SE1746,1746
SEMBABULE,SE1609,1609
SEMBABULE,SE106,106
SEMBABULE,SE126,126
SEMBABULE,SE1692,1692
SEMBABULE,SE1247,1247
SEMBABULE,SE2051,2051
SEMBABULE,SE1983,1983
SEMBABULE,SE1939,1939
SEMBABULE,SE1994,1994
SEMBABULE,SE1617,1617
SEMBABULE,SE1660,1660
SEMBABULE,SE1630,1630
SEMBABULE,SE020,20
SEMBABULE,SE1681,1681
SEMBABULE,SE1389,1389
SEMBABULE,SE2034,2034
SEMBABULE,SE1919,1919
SEMBABULE,SE1495,1495
SEMBABULE,SE1361,1361
SEMBABULE,SE1323,1323
SEMBABULE,SE828,828
SEMBABULE,SE808,808
SEMBABULE,SE864,864
SEMBABULE,SE825,825
SEMBABULE,SE820,820
SEMBABULE,SE782,782
SEMBABULE,SE724,724
SEMBABULE,SE799,799
SEMBABULE,SE793,793
SEMBABULE,SE547,547
SEMBABULE,SE767,767
SEMBABULE,SE3487,3487
SEMBABULE,SE860,860
SEMBABULE,SE862,862
SEMBABULE,SE542,542
SEMBABULE,SE585,585
SEMBABULE,SE545,545
SEMBABULE,SE593,593
SEMBABULE,SE598,598
SEMBABULE,SE627,627
SEMBABULE,SE619,619
SEMBABULE,SE634,634
SEMBABULE,SE674,674
SEMBABULE,SE370,370
SEMBABULE,SE416,416
SEMBABULE,SE223,223
SEMBABULE,SE431,431
SEMBABULE,SE496,496
SEMBABULE,SE543,543
SEMBABULE,SE570,570
SEMBABULE,SE104,104
SEMBABULE,SE260,260
SEMBABULE,SE210,210
SEMBABULE,SE204,204
SEMBABULE,SE297,297
SEMBABULE,SE258,258
SEMBABULE,SE:3763,3763
SEMBABULE,SE342,342
SEMBABULE,SE390,390
SEMBABULE,SE1762,1762
SEMBABULE,SE984,984
SEMBABULE,SE981,981
SEMBABULE,SE821,821
SEMBABULE,SE993,993
SEMBABULE,SE1064,1064
SEMBABULE,SE2055,2055
SEMBABULE,SE1946,1946
SEMBABULE,SE1866,1866
SEMBABULE,SE1897,1897
SEMBABULE,SE1412,1412
SEMBABULE,SE1183,1183
SEMBABULE,SE128,128
SEMBABULE,SE108,108
SEMBABULE,SE055,55
SEMBABULE,SE1544,1544
SEMBABULE,SE1803,1803
SEMBABULE,SE1774,1774
SEMBABULE,SE1955,1955
SEMBABULE,SE1904,1904
SEMBABULE,SE2006,2006
SEMBABULE,SE1537,1537
SEMBABULE,SE1549,1549
SEMBABULE,SE1869,1869
SEMBABULE,SE1262,1262
SEMBABULE,SE1181,1181
SEMBABULE,SE1023,1023
SEMBABULE,SE2256,2256
SEMBABULE,SE2381,2381
SEMBABULE,SE1392,1392
SEMBABULE,SE2020,2020
SEMBABULE,SE1598,1598
SEMBABULE,SE1823,1823
SEMBABULE,SE2092,2092
SEMBABULE,SE1012,1012
SEMBABULE,SE2156,2156
SEMBABULE,SE2271,2271
SEMBABULE,SE1520,1520
SEMBABULE,SE1921,1921
SEMBABULE,SE2038,2038
SEMBABULE,SE1674,1674
SEMBABULE,SE1891,1891
SEMBABULE,SE1301,1301
SEMBABULE,SE1128,1128
SEMBABULE,SE2194,2194
SEMBABULE,SE1531,1531
SEMBABULE,SE1327,1327
SEMBABULE,SE861,861
SEMBABULE,SE723,723
SEMBABULE,SE754,754
SEMBABULE,SE739,739
SEMBABULE,SE934,934
SEMBABULE,SE783,783
SEMBABULE,SE824,824
SEMBABULE,SE954,954
SEMBABULE,SE1395,1395
SEMBABULE,SE1208,1208
SEMBABULE,SE2308,2308
SEMBABULE,SE2364,2364
SEMBABULE,SE2373,2373
SEMBABULE,SE2302,2302
SEMBABULE,SE 3969,3969
SEMBABULE,SE2781,2781
SEMBABULE,SE2741,2741
SEMBABULE,SE2747,2747
SEMBABULE,SE2775,2775
SEMBABULE,SE2761,2761
SEMBABULE,SE2743,2743
SEMBABULE,SE2625,2625
SEMBABULE,SE1900,1900
SEMBABULE,SE2134,2134
SEMBABULE,SE2174,2174
SEMBABULE,SE2140,2140
SEMBABULE,SE2101,2101
SEMBABULE,SE2187,2187
SEMBABULE,SE1855,1855
SEMBABULE,SE1859,1859
SEMBABULE,SE1849,1849
SEMBABULE,SE1871,1871
SEMBABULE,SE1880,1880
SEMBABULE,SE1811,1811
SEMBABULE,SE1812,1812
SEMBABULE,SE2025,2025
SEMBABULE,SE2069,2069
SEMBABULE,SE2022,2022
SEMBABULE,SE2027,2027
SEMBABULE,SE2028,2028
SEMBABULE,SE2018,2018
SEMBABULE,SE1514,1514
SEMBABULE,SE1540,1540
SEMBABULE,SE1594,1594
SEMBABULE,SE1529,1529
SEMBABULE,SE1470,1470
SEMBABULE,SE1418,1418
SEMBABULE,SE1481,1481
SEMBABULE,SE1494,1494
SEMBABULE,SE1331,1331
SEMBABULE,SE1376,1376
SEMBABULE,SE1562,1562
SEMBABULE,SE1613,1613
SEMBABULE,SE2266,2266
SEMBABULE,SE2223,2223
SEMBABULE,SE2244,2244
SEMBABULE,SE2232,2232
SEMBABULE,SE2230,2230
SEMBABULE,SE2282,2282
SEMBABULE,SE2278,2278
SEMBABULE,SE2299,2299
SEMBABULE,SE2291,2291
SEMBABULE,SE351,351
SEMBABULE,SE184,184
SEMBABULE,se136,136
SEMBABULE,SE00021,21
SEMBABULE,SE00008,8
SEMBABULE,SE1657,1657
SEMBABULE,SE1655,1655
SEMBABULE,SE1639,1639
SEMBABULE,SE1637,1637
SEMBABULE,SE1607,1607
SEMBABULE,SE1623,1623
SEMBABULE,SE1697,1697
SEMBABULE,SE1670,1670
SEMBABULE,SE1671,1671
SEMBABULE,SE1709,1709
SEMBABULE,SE1729,1729
SEMBABULE,SE1768,1768
SEMBABULE,SE1739,1739
SEMBABULE,SE1721,1721
SEMBABULE,SE1328,1328
SEMBABULE,SE1173,1173
SEMBABULE,SE1136,1136
SEMBABULE,SE1691,1691
SEMBABULE,SE1700,1700
SEMBABULE,SE1808,1808
SEMBABULE,SE1895,1895
SEMBABULE,SE2168,2168
SEMBABULE,SE2052,2052
SEMBABULE,SE2202,2202
SEMBABULE,SE2219,2219
SEMBABULE,SE2325,2325
SEMBABULE,SE2559,2559
SEMBABULE,SE2545,2545
SEMBABULE,SE2768,2768
SEMBABULE,SE2791,2791
SEMBABULE,SE2722,2722
SEMBABULE,SE2792,2792
SEMBABULE,SE2793,2793
SEMBABULE,SE2760,2760
SEMBABULE,SE2700,2700
SEMBABULE,SE2789,2789
SEMBABULE,SE859,859
SEMBABULE,SE865,865
SEMBABULE,SE841,841
SEMBABULE,SE815,815
SEMBABULE,SE873,873
SEMBABULE,SE2795,2795
SEMBABULE,SE2776,2776
SEMBABULE,SE2613,2613
SEMBABULE,SE2511,2511
SEMBABULE,SE2672,2672
SEMBABULE,SE994,994
SEMBABULE,SE968,968
SEMBABULE,SE1051,1051
SEMBABULE,SE1030,1030
SEMBABULE,SE1147,1147
SEMBABULE,SE1112,1112
SEMBABULE,SE1111,1111
SEMBABULE,SE1149,1149
SEMBABULE,SE1155,1155
SEMBABULE,SE1054,1054
SEMBABULE,SE1067,1067
SEMBABULE,SE1221,1221
SEMBABULE,SE1231,1231
SEMBABULE,SE1287,1287
SEMBABULE,SE1248,1248
SEMBABULE,SE1243,1243
SEMBABULE,SE1275,1275
SEMBABULE,SE1245,1245
SEMBABULE,SE1244,1244
SEMBABULE,SE438,438
SEMBABULE,SE2779,2779
SEMBABULE,SE2619,2619
SEMBABULE,SE528,528
SEMBABULE,SE2518,2518
SEMBABULE,SE636,636
SEMBABULE,SE013,13
SEMBABULE,SE2236,2236
SEMBABULE,SE1543,1543
SEMBABULE,SE2608,2608
SEMBABULE,SE1779,1779
SEMBABULE,SE1465,1465
SEMBABULE,SE2294,2294
SEMBABULE,SE2794,2794
SEMBABULE,SE2797,2797
SEMBABULE,SE1324,1324
SEMBABULE,SE2796,2796
SEMBABULE,SE2799,2799
SEMBABULE,SE1109,1109
SEMBABULE,SE1949,1949
SEMBABULE,SE700,700
SEMBABULE,SE639,639
SEMBABULE,SE717,717
SEMBABULE,SE386,386
SEMBABULE,SE375,375
SEMBABULE,SE394,394
SEMBABULE,SE863,863
SEMBABULE,SE830,830
SEMBABULE,SE254,254
SEMBABULE,SE676,676
SEMBABULE,SE1761,1761
SEMBABULE,SE140,140
SEMBABULE,SE611,611
SEMBABULE,SE036,36
SEMBABULE,SE078,78
SEMBABULE,SE043,43
SEMBABULE,SE061,61
SEMBABULE,SE1347,1347
SEMBABULE,SE540,540
SEMBABULE,SE594,594
SEMBABULE,SE243,243
SEMBABULE,SE250,250
SEMBABULE,SE237,237
SEMBABULE,SE719,719
SEMBABULE,SE334,334
SEMBABULE,SE2320,2320
SEMBABULE,SE489,489
SEMBABULE,SE1459,1459
SEMBABULE,SE1608,1608
SEMBABULE,SE877,877
SEMBABULE,SE138,138
SEMBABULE,SE488,488
SEMBABULE,SE037,37
SEMBABULE,SE850,850
SEMBABULE,SE274,274
SEMBABULE,SE059,59
SEMBABULE,SE016,16
SEMBABULE,SE1095,1095
SEMBABULE,SE1487,1487
SEMBABULE,SE1129,1129
SEMBABULE,SE1586,1586
SEMBABULE,SE896,896
SEMBABULE,SE1218,1218
SEMBABULE,SE052,52
SEMBABULE,SE1048,1048
SEMBABULE,SE095,95
SEMBABULE,SE508,508
SEMBABULE,SE213,213
SEMBABULE,SE288,288
SEMBABULE,SE822,822
SEMBABULE,SE610,610
SEMBABULE,SE116,116
SEMBABULE,SE418,418
SEMBABULE,SE578,578
SEMBABULE,SE353,353
SEMBABULE,SE436,436
SEMBABULE,SE1710,1710
SEMBABULE,SE190,190
SEMBABULE,SE2312,2312
SEMBABULE,SE2529,2529
SEMBABULE,SE2295,2295
SEMBABULE,SE2386,2386
SEMBABULE,SE1583,1583
SEMBABULE,SE2662,2662
SEMBABULE,SE2041,2041
SEMBABULE,SE2275,2275
SEMBABULE,SE2770,2770
SEMBABULE,SE1180,1180
SEMBABULE,SE1833,1833
SEMBABULE,SE1874,1874
SEMBABULE,SE2490,2490
SEMBABULE,SE2239,2239
SEMBABULE,SE074,74
SEMBABULE,SE2635,2635
SEMBABULE,SE1633,1633
SEMBABULE,SE2372,2372
SEMBABULE,SE2397,2397
SEMBABULE,SE1992,1992
SEMBABULE,SE-2215,2215
SEMBABULE,SE1941,1941
SEMBABULE,SE1332,1332
SEMBABULE,SE2451,2451
SEMBABULE,SE2718,2718
SEMBABULE,SE1354,1354
SEMBABULE,SE2713,2713
SEMBABULE,SE2633,2633
SEMBABULE,SE2782,2782
SEMBABULE,SE2400,2400
SEMBABULE,SE605,605
SEMBABULE,SE1716,1716
SEMBABULE,SE002,2
SEMBABULE,SE2175,2175
SEMBABULE,SE1388,1388
SEMBABULE,SE1945,1945
SEMBABULE,SE576,576
SEMBABULE,SE1337,1337
SEMBABULE,SE373,373
SEMBABULE,SE191,191
SEMBABULE,SE361,361
SEMBABULE,SE1815,1815
SEMBABULE,SE532,532
SEMBABULE,SE800,800
SEMBABULE,SE301,301
SEMBABULE,SE608,608
SEMBABULE,SE393,393
SEMBABULE,SE524,524
SEMBABULE,SE396,396
SEMBABULE,SE1483,1483
SEMBABULE,SE1533,1533
SEMBABULE,SE596,596
SEMBABULE,SE142,142
SEMBABULE,SE621,621
SEMBABULE,SE1227,1227
SEMBABULE,SE1040,1040
SEMBABULE,SE1907,1907
SEMBABULE,SE298,298
SEMBABULE,SE230,230
SEMBABULE,SE1059,1059
SEMBABULE,SE1159,1159
SEMBABULE,SE1056,1056
SEMBABULE,SE132,132
SEMBABULE,SE025,25
SEMBABULE,SE579,579
SEMBABULE,SE1340,1340
SEMBABULE,SE1782,1782
SEMBABULE,SE1530,1530
SEMBABULE,SE615,615
SEMBABULE,SE027,27
SEMBABULE,SE004,4
SEMBABULE,SE631,631
SEMBABULE,SE299,299
SEMBABULE,SE149,149
SEMBABULE,SE273,273
SEMBABULE,SE670,670
SEMBABULE,SE309,309
SEMBABULE,SE1375,1375
SEMBABULE,SE876,876
SEMBABULE,SE843,843
SEMBABULE,SE826,826
SEMBABULE,SE872,872
SEMBABULE,SE829,829
SEMBABULE,SE812,812
SEMBABULE,SE890,890
SEMBABULE,SE803,803
SEMBABULE,SE882,882
SEMBABULE,SE883,883
SEMBABULE,SE881,881
SEMBABULE,SE891,891
SEMBABULE,SE806,806
SEMBABULE,SE886,886
SEMBABULE,SE887,887
SEMBABULE,SE889,889
SEMBABULE,SE802,802
SEMBABULE,SE870,870
SEMBABULE,SE933,933
SEMBABULE,SE1061,1061
SEMBABULE,SE410,410
SEMBABULE,SE403,403
SEMBABULE,SE486,486
SEMBABULE,SE429,429
SEMBABULE,SE417,417
SEMBABULE,SE414,414
SEMBABULE,SE199,199
SEMBABULE,SE115,115
SEMBABULE,SE114,114
SEMBABULE,SE168,168
SEMBABULE,SE152,152
SEMBABULE,SE165,165
SEMBABULE,SE171,171
SEMBABULE,SE163,163
SEMBABULE,SE161,161
SEMBABULE,SE162,162
SEMBABULE,SE187,187
SEMBABULE,SE160,160
SEMBABULE,SE158,158
SEMBABULE,SE131,131
SEMBABULE,SE124,124
SEMBABULE,SE153,153
SEMBABULE,se157,157
SEMBABULE,SE178,178
SEMBABULE,SE173,173
SEMBABULE,SE172,172
SEMBABULE,SE175,175
SEMBABULE,SE189,189
SEMBABULE,SE185,185
SEMBABULE,SE186,186
SEMBABULE,SE111,111
SEMBABULE,SE198,198
SEMBABULE,SE3670,3670
SEMBABULE,SE2475,2475
SEMBABULE,SE2582,2582
SEMBABULE,SE2634,2634
SEMBABULE,SE2500,2500
SEMBABULE,SE2751,2751
SEMBABULE,SE2585,2585
SEMBABULE,SE2710,2710
SEMBABULE,SE2802,2802
SEMBABULE,SE2764,2764
SEMBABULE,SE2749,2749
SEMBABULE,SE2798,2798
SEMBABULE,SE2758,2758
SEMBABULE,SE2527,2527
SEMBABULE,SE2459,2459
SEMBABULE,SE2756,2756
SEMBABULE,SE2610,2610
SEMBABULE,SE2733,2733
SEMBABULE,SE2709,2709
SEMBABULE,SE2679,2679
SEMBABULE,SE2657,2657
SEMBABULE,SE2532,2532
SEMBABULE,SE2720,2720
SEMBABULE,se2654,2654
SEMBABULE,SE2637,2637
SEMBABULE,se2698,2698
SEMBABULE,SE2693,2693
SEMBABULE,SE2697,2697
SEMBABULE,SE2602,2602
SEMBABULE,SE2721,2721
SEMBABULE,SE2626,2626
SEMBABULE,SE2538,2538
SEMBABULE,SE2480,2480
SEMBABULE,SE1366,1366
SEMBABULE,SE2653,2653
SEMBABULE,SE2091,2091
SEMBABULE,SE2676,2676
SEMBABULE,SE1070,1070
SEMBABULE,SE2692,2692
SEMBABULE,SE2183,2183
SEMBABULE,SE2111,2111
SEMBABULE,SE2405,2405
SEMBABULE,SE2044,2044
SEMBABULE,SE2658,2658
SEMBABULE,SE2139,2139
SEMBABULE,SE2447,2447
SEMBABULE,SE2240,2240
SEMBABULE,SE1913,1913
SEMBABULE,SE1041,1041
SEMBABULE,SE1973,1973
SEMBABULE,SE1736,1736
SEMBABULE,SE2324,2324
SEMBABULE,SE1447,1447
SEMBABULE,SE1551,1551
SEMBABULE,SE1935,1935
SEMBABULE,SE493,493
SEMBABULE,SE1926,1926
SEMBABULE,SE1775,1775
SEMBABULE,SE1222,1222
SEMBABULE,SE2340,2340
SEMBABULE,SE2369,2369
SEMBABULE,SE1192,1192
SEMBABULE,SE2265,2265
SEMBABULE,SE2552,2552
SEMBABULE,SE2501,2501
SEMBABULE,SE2321,2321
SEMBABULE,SE2279,2279
SEMBABULE,SE897,897
SEMBABULE,SE1032,1032
SEMBABULE,SE1622A,1622
SEMBABULE,SE2565,2565
SEMBABULE,SE245,245
SEMBABULE,SE1732,1732
SEMBABULE,SE581,581
SEMBABULE,SE1830,1830
SEMBABULE,SE2224,2224
SEMBABULE,SE1770,1770
SEMBABULE,SE2450,2450
SEMBABULE,SE756,756
SEMBABULE,SE026,26
SEMBABULE,SE1259,1259
SEMBABULE,se1867,1867
SEMBABULE,SE853,853
SEMBABULE,SE2631,2631
SEMBABULE,SE2560,2560
SEMBABULE,SE193,193
SEMBABULE,SE284,284
SEMBABULE,SE225,225
SEMBABULE,SE209,209
SEMBABULE,SE211,211
SEMBABULE,SE248,248
SEMBABULE,SE259,259
SEMBABULE,SE264,264
SEMBABULE,SE327,327
SEMBABULE,SE302,302
SEMBABULE,SE384,384
SEMBABULE,SE374,374
SEMBABULE,SE372,372
SEMBABULE,SE371,371
SEMBABULE,SE324,324
SEMBABULE,SE319,319
SEMBABULE,SE312,312
SEMBABULE,SE313,313
SEMBABULE,SE314,314
SEMBABULE,SE318,318
SEMBABULE,SE317,317
SEMBABULE,SE311,311
SEMBABULE,SE308,308
SEMBABULE,SE307,307
SEMBABULE,SE357,357
SEMBABULE,SE464,464
SEMBABULE,SE462,462
SEMBABULE,SE460,460
SEMBABULE,SE613,613
SEMBABULE,SE712,712
SEMBABULE,SE678,678
SEMBABULE,SE650,650
SEMBABULE,SE685,685
SEMBABULE,SE682,682
SEMBABULE,SE697,697
SEMBABULE,SE687,687
SEMBABULE,SE686,686
SEMBABULE,SE779,779
SEMBABULE,SE713,713
SEMBABULE,SE661,661
SEMBABULE,SE679,679
SEMBABULE,SE711,711
SEMBABULE,SE714,714
SEMBABULE,SE726,726
SEMBABULE,SE658,658
SEMBABULE,SE656,656
SEMBABULE,SE655,655
SEMBABULE,SE654,654
SEMBABULE,SE691,691
SEMBABULE,SE616,616
SEMBABULE,SE664,664
SEMBABULE,SE622,622
SEMBABULE,SE514,514
SEMBABULE,SE537,537
SEMBABULE,SE589,589
SEMBABULE,SE539,539
SEMBABULE,SE511,511
SEMBABULE,SE566A,566
SEMBABULE,SE521,521
SEMBABULE,SE530,530
SEMBABULE,SE595,595
SEMBABULE,SE546,546
SEMBABULE,SE773,773
SEMBABULE,SE774,774
SEMBABULE,SE771,771
SEMBABULE,SE772,772
SEMBABULE,SE784,784
SEMBABULE,SE776,776
SEMBABULE,SE778,778
SEMBABULE,SE694,694
SEMBABULE,SE708,708
SEMBABULE,SE734,734
SEMBABULE,SE762,762
SEMBABULE,SE520,520
SEMBABULE,SE518,518
SEMBABULE,SE574,574
SEMBABULE,SE507,507
SEMBABULE,SE584,584
SEMBABULE,SE597,597
SEMBABULE,SE505,505
SEMBABULE,SE586,586
SEMBABULE,SE531,531
SEMBABULE,SE517,517
SEMBABULE,SE535,535
SEMBABULE,SE519,519
SEMBABULE,SE759,759
SEMBABULE,SE628,628
SEMBABULE,SE461,461
SEMBABULE,SE564,564
SEMBABULE,SE565,565
SEMBABULE,se554,554
SEMBABULE,SE553,553
SEMBABULE,SE552,552
SEMBABULE,SE555,555
SEMBABULE,SE 3907,3907
SEMBABULE,SE559,559
SEMBABULE,SE558,558
SEMBABULE,SE560,560
SEMBABULE,SE563,563
SEMBABULE,SE562,562
SEMBABULE,SE561,561
SEMBABULE,SE790,790
SEMBABULE,SE788,788
SEMBABULE,SE792,792
SEMBABULE,SE837,837
SEMBABULE,SE875,875
SEMBABULE,SE688,688
SEMBABULE,SE-683,683
SEMBABULE,SE680,680
SEMBABULE,SE725,725
SEMBABULE,SE701,701
SEMBABULE,SE705,705
SEMBABULE,SE624,624
SEMBABULE,SE099,99
SEMBABULE,SE715,715
SEMBABULE,SE745,745
SEMBABULE,SE702,702
SEMBABULE,SE866,866
SEMBABULE,SE838,838
SEMBABULE,SE804,804
SEMBABULE,SE849,849
SEMBABULE,SE874,874
SEMBABULE,SE813,813
SEMBABULE,SE814,814
SEMBABULE,SE840,840
SEMBABULE,SE836,836
SEMBABULE,SE798,798
SEMBABULE,SE652,652
SEMBABULE,SE649,649
SEMBABULE,SE795,795
SEMBABULE,SE787,787
SEMBABULE,SE710,710
SEMBABULE,SE667,667
SEMBABULE,SE669,669
SEMBABULE,SE425,425
SEMBABULE,SE430,430
SEMBABULE,SE470,470
SEMBABULE,SE468,468
SEMBABULE,SE411,411
SEMBABULE,SE452,452
SEMBABULE,SE751,751
SEMBABULE,SE727,727
SEMBABULE,SE419,419
SEMBABULE,SE447,447
SEMBABULE,SE442,442
SEMBABULE,SE487,487
SEMBABULE,SE454,454
SEMBABULE,SE492,492
SEMBABULE,SE440,440
SEMBABULE,SE494,494
SEMBABULE,SE900,900
SEMBABULE,SE936,936
SEMBABULE,SE549,549
SEMBABULE,SE536,536
SEMBABULE,SE529,529
SEMBABULE,SE513,513
SEMBABULE,SE544,544
SEMBABULE,SE567,567
SEMBABULE,SE760,760
SEMBABULE,SE362,362
SEMBABULE,SE365,365
SEMBABULE,SE355,355
SEMBABULE,SE216,216
SEMBABULE,SE266,266
SEMBABULE,SE031,31
SEMBABULE,SE017,17
SEMBABULE,SE062,62
SEMBABULE,SE063,63
SEMBABULE,SE263,263
SEMBABULE,SE285,285
SEMBABULE,SE286,286
SEMBABULE,SE265,265
SEMBABULE,SE218,218
SEMBABULE,SE292,292
SEMBABULE,SE270,270
SEMBABULE,SE220,220
SEMBABULE,SE268,268
SEMBABULE,SE1485,1485
SEMBABULE,SE272,272
SEMBABULE,SE253,253
SEMBABULE,SE276,276
SEMBABULE,SE280,280
SEMBABULE,SE291,291
SEMBABULE,SE203,203
SEMBABULE,SE290,290
SEMBABULE,SE236,236
SEMBABULE,SE251,251
SEMBABULE,SE240,240
SEMBABULE,SE238,238
SEMBABULE,SE242,242
SEMBABULE,SE206,206
SEMBABULE,SE982,982
SEMBABULE,SE938,938
SEMBABULE,SE054,54
SEMBABULE,SE051,51
SEMBABULE,SE053,53
SEMBABULE,SE835,835
SEMBABULE,SE898,898
SEMBABULE,SE603,603
SEMBABULE,SE698,698
SEMBABULE,SE617,617
SEMBABULE,SE741,741
SEMBABULE,SE730,730
SEMBABULE,SE699,699
SEMBABULE,SE796,796
SEMBABULE,SE663,663
SEMBABULE,SE047,47
SEMBABULE,SE056,56
SEMBABULE,SE050,50
SEMBABULE,SE049,49
SEMBABULE,SE057,57
SEMBABULE,SE012,12
SEMBABULE,SE080,80
SEMBABULE,SE040,40
SEMBABULE,SE090,90
SEMBABULE,SE096,96
SEMBABULE,SE067,67
SEMBABULE,SE805,805
SEMBABULE,SE833,833
SEMBABULE,SE785,785
SEMBABULE,SE797,797
SEMBABULE,SE666,666
SEMBABULE,SE207,207
SEMBABULE,SE294,294
SEMBABULE,SE246,246
SEMBABULE,SE226,226
SEMBABULE,SE244,244
SEMBABULE,SE235,235
SEMBABULE,SE072,72
SEMBABULE,SE765,765
SEMBABULE,SE194,194
SEMBABULE,SE129,129
SEMBABULE,SE125,125
SEMBABULE,SE109,109
SEMBABULE,SE141,141
SEMBABULE,SE102,102
SEMBABULE,SE100,100
SEMBABULE,SE789,789
SEMBABULE,SE359,359
SEMBABULE,SE304,304
SEMBABULE,SE024,24
SEMBABULE,SE076,76
SEMBABULE,SE075,75
SEMBABULE,SE070,70
SEMBABULE,SE048,48
SEMBABULE,SE089,89
SEMBABULE,SE042,42
SEMBABULE,SE094,94
SEMBABULE,SE085,85
SEMBABULE,SE060,60
SEMBABULE,SE084,84
SEMBABULE,SE092,92
SEMBABULE,SE098,98
SEMBABULE,SE082,82
SEMBABULE,SE028,28
SEMBABULE,SE479,479
SEMBABULE,SE477,477
SEMBABULE,SE472,472
SEMBABULE,SE466,466
SEMBABULE,SE467,467
SEMBABULE,SE476,476
SEMBABULE,SE147,147
SEMBABULE,SE341,341
SEMBABULE,SE347,347
SEMBABULE,SE348,348
SEMBABULE,SE329,329
SEMBABULE,SE315,315
SEMBABULE,SE368,368
SEMBABULE,SE398,398
SEMBABULE,SE382,382
SEMBABULE,SE337,337
SEMBABULE,SE388,388
SEMBABULE,SE364,364
SEMBABULE,SE331,331
SEMBABULE,SE356,356
SEMBABULE,SE316,316
SEMBABULE,SE333,333
SEMBABULE,SE350,350
SEMBABULE,SE728,728
SEMBABULE,SE721,721
SEMBABULE,SE709,709
SEMBABULE,SE755,755
SEMBABULE,SE497,497
SEMBABULE,SE428,428
SEMBABULE,SE412,412
SEMBABULE,SE451,451
SEMBABULE,SE478,478
SEMBABULE,SE463,463
SEMBABULE,SE474,474
SEMBABULE,SE473,473
SEMBABULE,SE465,465
SEMBABULE,SE469,469
SEMBABULE,SE475,475
SEMBABULE,SE427,427
SEMBABULE,SE420,420
SEMBABULE,SE423,423
SEMBABULE,SE720,720
SEMBABULE,SE432,432
SEMBABULE,SE445,445
SEMBABULE,SE441,441
SEMBABULE,SE422,422
SEMBABULE,SE484,484
SEMBABULE,SE729,729
SEMBABULE,SE424,424
SEMBABULE,SE665,665
SEMBABULE,SE651,651
SEMBABULE,SE671,671
SEMBABULE,SE684,684
SEMBABULE,SE681,681
SEMBABULE,SE632,632
SEMBABULE,SE196,196
SEMBABULE,SE044,44
SEMBABULE,SE888,888
SEMBABULE,SE323,323
SEMBABULE,SE306,306
SEMBABULE,SE379,379
SEMBABULE,SE377,377
SEMBABULE,SE380,380
SEMBABULE,SE381,381
SEMBABULE,SE383,383
SEMBABULE,SE310,310
SEMBABULE,SE867,867
SEMBABULE,SE884,884
SEMBABULE,SE769,769
SEMBABULE,SE780,780
SEMBABULE,SE880,880
SEMBABULE,SE901,901
SEMBABULE,SE696,696
SEMBABULE,SE775,775
SEMBABULE,SE471,471
SEMBABULE,SE378,378
SEMBABULE,SE768,768
SEMBABULE,SE960,960
SEMBABULE,SE001,1
SEMBABULE,SE064,64
SEMBABULE,SE1261,1261
SEMBABULE,SE648,648
SEMBABULE,SE629,629
SEMBABULE,SE573,573
SEMBABULE,SE503,503
SEMBABULE,SE506,506
SEMBABULE,SE485,485
SEMBABULE,SE1663,1663
SEMBABULE,SE534,534
SEMBABULE,SE590,590
SEMBABULE,SE538,538
SEMBABULE,SE541,541
SEMBABULE,SE512,512
SEMBABULE,SE781,781
SEMBABULE,SE742,742
SEMBABULE,SE777,777
SEMBABULE,SE620,620
SEMBABULE,SE645,645
SEMBABULE,SE630,630
SEMBABULE,SE638,638
SEMBABULE,SE646,646
SEMBABULE,SE766,766
SEMBABULE,SE722,722
SEMBABULE,SE1304,1304
SEMBABULE,SE271,271
SEMBABULE,SE376,376
SEMBABULE,SE483,483
SEMBABULE,SE3728,3728
SEMBABULE,SE607,607
SEMBABULE,SE490,490
SEMBABULE,SE170,170
SEMBABULE,SE233,233
SEMBABULE,SE169,169
SEMBABULE,SE580,580
SEMBABULE,SE575,575
SEMBABULE,SE504,504
SEMBABULE,SE515,515
SEMBABULE,SE641,641
SEMBABULE,SE642,642
SEMBABULE,SE764,764
SEMBABULE,SE637,637
SEMBABULE,SE2800,2800
SEMBABULE,SE2801,2801
SEMBABULE,SE1464,1464
SEMBABULE,SE1965,1965
SEMBABULE,SE1860,1860
SEMBABULE,SE1873,1873
SEMBABULE,SE2699,2699
SEMBABULE,SE657,657
SEMBABULE,SE3052,3052
SEMBABULE,SE3275,3275
SEMBABULE,SE 3101,3101
SEMBABULE,SE 3256,3256
SEMBABULE,SE3296,3296
SEMBABULE,SE3254,3254
SEMBABULE,SE3105,3105
SEMBABULE,SE3324,3324
SEMBABULE,SE3123,3123
SEMBABULE,SE3116,3116
SEMBABULE,SE3162,3162
SEMBABULE,SE3202,3202
SEMBABULE,SE3133,3133
SEMBABULE,SE3208,3208
SEMBABULE,SE3230,3230
SEMBABULE,SE3209,3209
SEMBABULE,SE3228,3228
SEMBABULE,SE3431,3431
SEMBABULE,SE3307,3307
SEMBABULE,SE3222,3222
SEMBABULE,SE3229,3229
SEMBABULE,SE3334,3334
SEMBABULE,SE 3302,3302
SEMBABULE,SE3153,3153
SEMBABULE,SE 3155,3155
SEMBABULE,SE 3402,3402
SEMBABULE,SE3333,3333
SEMBABULE,SE 3246,3246
SEMBABULE,SE 3331,3331
SEMBABULE,SE 3371,3371
SEMBABULE,SE3311,3311
SEMBABULE,SE3354,3354
SEMBABULE,SE3309,3309
SEMBABULE,SE3269,3269
SEMBABULE,SE3370,3370
SEMBABULE,SE3319,3319
SEMBABULE,SE3344,3344
SEMBABULE,SE3408,3408
SEMBABULE,SE3376,3376
SEMBABULE,SE3288,3288
SEMBABULE,SE3379,3379
SEMBABULE,SE3429,3429
SEMBABULE,SE3390,3390
SEMBABULE,SE3300,3300
SEMBABULE,SE3480,3480
SEMBABULE,SE3310,3310
SEMBABULE,SE3463,3463
SEMBABULE,SE3317,3317
SEMBABULE,SE3227,3227
SEMBABULE,SE3365,3365
SEMBABULE,SE3414,3414
SEMBABULE,SE3314,3314
SEMBABULE,SE3237,3237
SEMBABULE,SE3338,3338
SEMBABULE,SE3447,3447
SEMBABULE,SE3457,3457
SEMBABULE,SE3147,3147
SEMBABULE,SE3458,3458
SEMBABULE,SE3262,3262
SEMBABULE,SE3467,3467
SEMBABULE,SE3468,3468
SEMBABULE,SE3226,3226
SEMBABULE,SE3328,3328
SEMBABULE,SE3388,3388
SEMBABULE,SE3294,3294
SEMBABULE,SE3475,3475
SEMBABULE,SE3198,3198
SEMBABULE,SE3207,3207
SEMBABULE,SE3464,3464
SEMBABULE,SE3399,3399
SEMBABULE,SE3160,3160
SEMBABULE,SE3342,3342
SEMBABULE,SE3436,3436
SEMBABULE,SE3172,3172
SEMBABULE,SE3407,3407
SEMBABULE,se3297,3297
SEMBABULE,SE3142,3142
SEMBABULE,SE3405,3405
SEMBABULE,SE3380,3380
SEMBABULE,SE3425,3425
SEMBABULE,SE3146,3146
SEMBABULE,SE3397,3397
SEMBABULE,SE3196,3196
SEMBABULE,SE3440,3440
SEMBABULE,SE 3199,3199
SEMBABULE,SE3114,3114
SEMBABULE,SE3141,3141
SEMBABULE,SE3110,3110
SEMBABULE,SE3336,3336
SEMBABULE,SE3404,3404
SEMBABULE,SE3124,3124
SEMBABULE,SE3103,3103
SEMBABULE,SE3432,3432
SEMBABULE,SE3126,3126
SEMBABULE,SE3195,3195
SEMBABULE,SE3185,3185
SEMBABULE,SE3330,3330
SEMBABULE,SE3189,3189
SEMBABULE,SE3106,3106
SEMBABULE,SE 3183,3183
SEMBABULE,SE3295,3295
SEMBABULE,SE3329,3329
SEMBABULE,SE3182,3182
SEMBABULE,SE3312,3312
SEMBABULE,SE3403,3403
SEMBABULE,SE3406,3406
SEMBABULE,SE3410,3410
SEMBABULE,SE3188,3188
SEMBABULE,SE3215,3215
SEMBABULE,SE3170,3170
SEMBABULE,SE3375,3375
SEMBABULE,SE3279,3279
SEMBABULE,SE3266,3266
SEMBABULE,SE3006,3006
SEMBABULE,SE 2830,2830
SEMBABULE,SE3034,3034
SEMBABULE,SE3090,3090
SEMBABULE,SE3031,3031
SEMBABULE,SE3078,3078
SEMBABULE,SE3035,3035
SEMBABULE,SE3079,3079
SEMBABULE,SE3004,3004
SEMBABULE,SE3012,3012
SEMBABULE,SE3021,3021
SEMBABULE,SE3387,3387
SEMBABULE,SE3320,3320
SEMBABULE,SE 3368,3368
SEMBABULE,SE3306,3306
SEMBABULE,SE3352,3352
SEMBABULE,SE 3214,3214
SEMBABULE,SE 1165,1165
SEMBABULE,SE3129,3129
SEMBABULE,SE3595,3595
SEMBABULE,SE 3271,3271
SEMBABULE,SE 2559,2559
SEMBABULE,SE3646,3646
SEMBABULE,SE 3449,3449
SEMBABULE,SE 3572,3572
SEMBABULE,SE 3524,3524
SEMBABULE,SE 3625,3625
SEMBABULE,SE 3642,3642
SEMBABULE,SE 3643,3643
SEMBABULE,SE3567,3567
SEMBABULE,SE3604,3604
SEMBABULE,SE 3534,3534
SEMBABULE,SE 3119,3119
SEMBABULE,SE 3647,3647
SEMBABULE,SE 3615,3615
SEMBABULE,SE 3434,3434
SEMBABULE,SE 1763,1763
SEMBABULE,SE3620,3620
SEMBABULE,SE 3649,3649
SEMBABULE,SE 3526,3526
SEMBABULE,SE3521,3521
SEMBABULE,SE3511,3511
SEMBABULE,SE 3596,3596
SEMBABULE,SE 3516,3516
SEMBABULE,SE 3616,3616
SEMBABULE,SE 3644,3644
SEMBABULE,SE 3614,3614
SEMBABULE,SE 3588,3588
SEMBABULE,SE 3542,3542
SEMBABULE,SE 3577,3577
SEMBABULE,SE 3662,3662
SEMBABULE,SE 3381,3381
SEMBABULE,SE 3326,3326
SEMBABULE,SE 3450,3450
SEMBABULE,SE 1745,1745
SEMBABULE,SE 3684,3684
SEMBABULE,SE 3570,3570
SEMBABULE,SE 3223,3223
SEMBABULE,SE 3451,3451
SEMBABULE,SE 3681,3681
SEMBABULE,SE 3663,3663
SEMBABULE,SE 3506,3506
SEMBABULE,SE #@63,63
SEMBABULE,SE 3263,3263
SEMBABULE,SE 3668,3668
SEMBABULE,SE 3633,3633
SEMBABULE,SE 3086,3086
SEMBABULE,SE 3692,3692
SEMBABULE,SE3448,3448
SEMBABULE,SE 3527,3527
SEMBABULE,SE 3618,3618
SEMBABULE,SE3339,3339
SEMBABULE,SE 3272,3272
SEMBABULE,SE 3636,3636
SEMBABULE,SE 3552,3552
SEMBABULE,SE 3568,3568
SEMBABULE,SE 3179,3179
SEMBABULE,SE 3685,3685
SEMBABULE,SE 6753,6753
SEMBABULE,SE 3353,3353
SEMBABULE,SE 3520,3520
SEMBABULE,SE 3351,3351
SEMBABULE,SE 3064,3064
SEMBABULE,SE 3645,3645
SEMBABULE,SE 3444,3444
SEMBABULE,SE 3305,3305
SEMBABULE,SE03558,3558
SEMBABULE,SE 3561,3561
SEMBABULE,SE 3682,3682
SEMBABULE,SE 3671,3671
SEMBABULE,SE 3585,3585
SEMBABULE,SE 3278,3278
SEMBABULE,SE 3599,3599
SEMBABULE,SE 3603,3603
SEMBABULE,SE 3085,3085
SEMBABULE,SE 3487,3487
SEMBABULE,SE 3335,3335
SEMBABULE,SE 3286,3286
SEMBABULE,SE 3641,3641
SEMBABULE,SE 3608,3608
SEMBABULE,SE 3443,3443
SEMBABULE,SE 3267,3267
SEMBABULE,SE 3669,3669
SEMBABULE,SE 3391,3391
SEMBABULE,SE 3660,3660
SEMBABULE,SE 3589,3589
SEMBABULE,SE 3349,3349
SEMBABULE,SE 3325,3325
SEMBABULE,SE 3560,3560
SEMBABULE,SE 3416,3416
SEMBABULE,SE 3486,3486
SEMBABULE,SE 3204,3204
SEMBABULE,SE 3557,3557
SEMBABULE,SE 3687,3687
SEMBABULE,SE 3698,3698
SEMBABULE,SE 3699,3699
SEMBABULE,SE 3634,3634
SEMBABULE,SE 3659,3659
SEMBABULE,SE3711,3711
SEMBABULE,SE 3630,3630
SEMBABULE,SE 3622,3622
SEMBABULE,SE 3620,3620
SEMBABULE,SE 3619,3619
SEMBABULE,SE3666,3666
SEMBABULE,SE 3640,3640
SEMBABULE,SE 3650,3650
SEMBABULE,SE 3653,3653
SEMBABULE,SE 3690,3690
SEMBABULE,SE 3655,3655
SEMBABULE,SE 3612,3612
SEMBABULE,SE 3638,3638
SEMBABULE,SE 3651,3651
SEMBABULE,SE 3680,3680
SEMBABULE,SE 3613,3613
SEMBABULE,SE 3610,3610
SEMBABULE,SE 3617,3617
SEMBABULE,SE 3696,3696
SEMBABULE,SE 3695,3695
SEMBABULE,SE3704,3704
SEMBABULE,SE 3703,3703
SEMBABULE,SE 3658,3658
SEMBABULE,SE 3593,3593
SEMBABULE,SE 3541,3541
SEMBABULE,SE 3578,3578
SEMBABULE,SE3697,3697
SEMBABULE,SE 3679,3679
SEMBABULE,SE 3597,3597
SEMBABULE,SE 3579,3579
SEMBABULE,SE 3584,3584
SEMBABULE,SE3581,3581
SEMBABULE,SE 3576,3576
SEMBABULE,SE 3562,3562
SEMBABULE,SE 3537,3537
SEMBABULE,SE 3702,3702
SEMBABULE,SE 3708,3708
SEMBABULE,SE 3709,3709
SEMBABULE,SE 3514,3514
SEMBABULE,SE3555,3555
SEMBABULE,SE3539,3539
SEMBABULE,SE 3433,3433
SEMBABULE,3510,3510
SEMBABULE,SE 3400,3400
SEMBABULE,SE 3535,3535
SEMBABULE,SE 3427,3427
SEMBABULE,SE 3465,3465
SEMBABULE,SE 3453,3453
SEMBABULE,SE 3412,3412
SEMBABULE,SE 3483,3483
SEMBABULE,SE 3232,3232
SEMBABULE,SE 3470,3470
SEMBABULE,SE 3422,3422
SEMBABULE,SE 3420,3420
SEMBABULE,SE 3446,3446
SEMBABULE,SE3430,3430
SEMBABULE,SE 3712,3712
SEMBABULE,SE 3724,3724
SEMBABULE,SE 3723,3723
SEMBABULE,SE 3717,3717
SEMBABULE,SE 3714,3714
SEMBABULE,SE 3722,3722
SEMBABULE,SE 3693,3693
SEMBABULE,SE 3694,3694
SEMBABULE,SE 3678,3678
SEMBABULE,SE 3607,3607
SEMBABULE,SE 3686,3686
SEMBABULE,SE 3713,3713
SEMBABULE,SE 3635,3635
SEMBABULE,SE3673,3673
SEMBABULE,SE 3632,3632
SEMBABULE,SE 3609,3609
SEMBABULE,SE3623,3623
SEMBABULE,SE 3600,3600
SEMBABULE,SE3601,3601
SEMBABULE,SE 3547,3547
SEMBABULE,SE 3522,3522
SEMBABULE,SE3571,3571
SEMBABULE,SE 3505,3505
SEMBABULE,SE 3508,3508
SEMBABULE,SE 3540,3540
SEMBABULE,SE3549,3549
SEMBABULE,SE 3523,3523
SEMBABULE,SE 3512,3512
SEMBABULE,SE 3536,3536
SEMBABULE,SE 3594,3594
SEMBABULE,SE3582,3582
SEMBABULE,SE 3573,3573
SEMBABULE,SE 3583,3583
SEMBABULE,SE 3569,3569
SEMBABULE,SE 3556,3556
SEMBABULE,SE 3551,3551
SEMBABULE,SE 3533,3533
SEMBABULE,SE 3507,3507
SEMBABULE,SE 3504,3504
SEMBABULE,SE 3525,3525
SEMBABULE,SE 3513,3513
SEMBABULE,SE 3592,3592
SEMBABULE,SE 3550,3550
SEMBABULE,SE 3586,3586
SEMBABULE,SE 3670,3670
SEMBABULE,SE 3720,3720
SEMBABULE,SE3657,3657
SEMBABULE,SE 3719,3719
SEMBABULE,SE 3718,3718
SEMBABULE,SE 3701,3701
SEMBABULE,SE 3428,3428
SEMBABULE,SE 3729,3729
SEMBABULE,SE 3732,3732
SEMBABULE,SE3466,3466
SEMBABULE,SE 3700,3700
SEMBABULE,SE 3461,3461
SEMBABULE,SE3502,3502
SEMBABULE,SE 3418,3418
SEMBABULE,SE 3639,3639
SEMBABULE,SE 3247,3247
SEMBABULE,SE 3528,3528
SEMBABULE,SE 3637,3637
SEMBABULE,3554,3554
SEMBABULE,SE 3554,3554
SEMBABULE,3574,3574
SEMBABULE,SE 3409,3409
SEMBABULE,SE 3442,3442
SEMBABULE,SE 3445,3445
SEMBABULE,SE 3441,3441
SEMBABULE,SE 3485,3485
SEMBABULE,SE 3479,3479
SEMBABULE,SE 3496,3496
SEMBABULE,SE 3474,3474
SEMBABULE,SE 3469,3469
SEMBABULE,SE 3493,3493
SEMBABULE,SE 3481,3481
SEMBABULE,SE 3423,3423
SEMBABULE,SE 3435,3435
SEMBABULE,SE 1984,1984
SEMBABULE,SE 1963,1963
SEMBABULE,SE 1948,1948
SEMBABULE,SE3805,3805
SEMBABULE,SE2941,2941
SEMBABULE,SE 3766,3766
SEMBABULE,SE 2767,2767
SEMBABULE,SE 3827,3827
SEMBABULE,SE 3828,3828
SEMBABULE,SE3829,3829
SEMBABULE,SE 2813,2813
SEMBABULE,SE 827,827
SEMBABULE,SE2967,2967
SEMBABULE,SE 2881,2881
SEMBABULE,SE 3830,3830
SEMBABULE,SE 1539,1539
SEMBABULE,SE 675,675
SEMBABULE,SE 3823,3823
SEMBABULE,SE 3769,3769
SEMBABULE,SE 3753,3753
SEMBABULE,SE 3152,3152
SEMBABULE,SE 3299,3299
SEMBABULE,SE2989,2989
SEMBABULE,SE3859,3859
SEMBABULE,SE3855,3855
SEMBABULE,se3856,3856
SEMBABULE,SE3857,3857
SEMBABULE,se3762,3762
SEMBABULE,SE3718,3718
SEMBABULE,SE3831,3831
SEMBABULE,SE 119,119
SEMBABULE,SE 1661,1661
SEMBABULE,3788,3788
SEMBABULE,SE 2850,2850
SEMBABULE,SE 3482,3482
SEMBABULE,SE 3477,3477
SEMBABULE,SE 3933,3933
SEMBABULE,SE 3456,3456
SEMBABULE,SE 3499,3499
SEMBABULE,SE 3825,3825
SEMBABULE,SE3824,3824
SEMBABULE,SE 3822,3822
SEMBABULE,SE 3803,3803
SEMBABULE,SE 3851,3851
SEMBABULE,SE 3860,3860
SEMBABULE,SE 3846,3846
SEMBABULE,SE 3836,3836
SEMBABULE,SE3858,3858
SEMBABULE,SE 3815,3815
SEMBABULE,SE 3816,3816
SEMBABULE,SE 3863,3863
SEMBABULE,SE 3845,3845
SEMBABULE,SE3861,3861
SEMBABULE,SE3871,3871
SEMBABULE,SE3842,3842
SEMBABULE,3904,3904
SEMBABULE,3804,3804
SEMBABULE,3837,3837
SEMBABULE,SE 3814,3814
SEMBABULE,SE3896,3896
SEMBABULE,SE 3867,3867
SEMBABULE,SE 3870,3870
SEMBABULE,SE 3812,3812
SEMBABULE,SE 3818,3818
SEMBABULE,SE 3849,3849
SEMBABULE,SE 3821,3821
SEMBABULE,SE3876,3876
SEMBABULE,SE 3890,3890
SEMBABULE,SE 3880,3880
SEMBABULE,SE 3866,3866
SEMBABULE,SE 3840,3840
SEMBABULE,SE 3826,3826
SEMBABULE,SE 3886,3886
SEMBABULE,SE 3819,3819
SEMBABULE,SE 3839,3839
SEMBABULE,SE 3869,3869
SEMBABULE,SE 3817,3817
SEMBABULE,SE 3835,3835
SEMBABULE,SE 3833,3833
SEMBABULE,SE 3897,3897
SEMBABULE,SE 3893,3893
SEMBABULE,SE 3864,3864
SEMBABULE,SE3813,3813
SEMBABULE,SE 3810,3810
SEMBABULE,SE 3877,3877
SEMBABULE,SE 3895,3895
SEMBABULE,SE3901,3901
SEMBABULE,SE 3811,3811
SEMBABULE,SE 3832,3832
SEMBABULE,SE 3801,3801
SEMBABULE,SE 3872,3872
SEMBABULE,SE 3848,3848
SEMBABULE,SE 3809,3809
SEMBABULE,SE 3850,3850
SEMBABULE,SE 3853,3853
SEMBABULE,SE 3903,3903
SEMBABULE,SE 3884,3884
SEMBABULE,SE 3891,3891
SEMBABULE,SE 3909,3909
SEMBABULE,SE 3913,3913
SEMBABULE,SE 3948,3948
SEMBABULE,SE 3923,3923
SEMBABULE,SE 3965,3965
SEMBABULE,SE 3944,3944
SEMBABULE,SE3928,3928
SEMBABULE,SE 3954,3954
SEMBABULE,SE 3926,3926
SEMBABULE,SE 3949,3949
SEMBABULE,SE 3941,3941
SEMBABULE,SE 3938,3938
SEMBABULE,SE 3961,3961
SEMBABULE,SE 3972,3972
SEMBABULE,SE 3939,3939
SEMBABULE,SE 3927,3927
SEMBABULE,SE 3962,3962
SEMBABULE,SE 3974,3974
SEMBABULE,SE 3968,3968
SEMBABULE,SE 3966,3966
SEMBABULE,SE 3978,3978
SEMBABULE,SE 3976,3976
SEMBABULE,SE 3958,3958
SEMBABULE,SE 3934,3934
SEMBABULE,SE 3935,3935
SEMBABULE,SE 3952,3952
SEMBABULE,SE 3770,3770
SEMBABULE,SE 3761,3761
SEMBABULE,SE 3910,3910
SEMBABULE,SE 3780,3780
SEMBABULE,SE 3960,3960
SEMBABULE,SE 3875,3875
SEMBABULE,SE 3892,3892
SEMBABULE,SE3879,3879
SEMBABULE,SE 3887,3887
SEMBABULE,SE 3889,3889
SEMBABULE,SE 3873,3873
SEMBABULE,SE 3739,3739
SEMBABULE,SE 3689,3689
SEMBABULE,SE 3654,3654
SEMBABULE,SE 3912,3912
SEMBABULE,SE 3959,3959
SEMBABULE,SE 2987,2987
SEMBABULE,SE2953,2953
SEMBABULE,SE 4005,4005
SEMBABULE,SE 4068,4068
SEMBABULE,SE 4067,4067
SEMBABULE,SE 4052,4052
SEMBABULE,SE 3530,3530
SEMBABULE,SE 4038,4038
SEMBABULE,SE 4070,4070
SEMBABULE,SE 4063,4063
SEMBABULE,SE 4014,4014
SEMBABULE,SE 4041,4041
SEMBABULE,SE 4051,4051
SEMBABULE,SE 4050,4050
SEMBABULE,SE 4046,4046
SEMBABULE,SE 4042,4042
SEMBABULE,SE 4003,4003
SEMBABULE,SE 4043,4043
SEMBABULE,SE 4002,4002
SEMBABULE,SE 4027,4027
SEMBABULE,SE 4053,4053
SEMBABULE,SE 4055,4055
SEMBABULE,SE 4025,4025
SEMBABULE,SE 4061,4061
SEMBABULE,SE 4019,4019
SEMBABULE,SE 4018,4018
SEMBABULE,SE4000,4000
SEMBABULE,SE 4054,4054
SEMBABULE,SE4030,4030
SEMBABULE,SE 4058,4058
SEMBABULE,SE 4049,4049
SEMBABULE,SE 4040,4040
SEMBABULE,SE 4062,4062
SEMBABULE,SE 3998,3998
SEMBABULE,SE3999,3999
SEMBABULE,SE3900,3900
SEMBABULE,SE 3997,3997
SEMBABULE,SE 3885,3885
SEMBABULE,SE 3883,3883
SEMBABULE,SE 3745,3745
SEMBABULE,SE 3192,3192
SEMBABULE,SE3115,3115
SEMBABULE,SE 3148,3148
SEMBABULE,SE 3178,3178
SEMBABULE,SE3173,3173
SEMBABULE,SE 3186,3186
SEMBABULE,SE 3122,3122
SEMBABULE,SE 3233,3233
SEMBABULE,SE 3298,3298
SEMBABULE,SE 3225,3225
SEMBABULE,SE3213,3213
SEMBABULE,SE 3260,3260
SEMBABULE,SE3393,3393
SEMBABULE,SE 3360,3360
SEMBABULE,SE 3369,3369
SEMBABULE,SE3303,3303
SEMBABULE,SE 3386,3386
SEMBABULE,SE 3366,3366
SEMBABULE,SE 3343,3343
SEMBABULE,SE 3377,3377
SEMBABULE,SE3332,3332
SEMBABULE,SE 3553,3553
SEMBABULE,SE 3738,3738
SEMBABULE,SE 4081,4081
SEMBABULE,SE 4087,4087
SEMBABULE,SE 4048,4048
SEMBABULE,SE4056,4056
SEMBABULE,SE4024,4024
SEMBABULE,SE4020,4020
SEMBABULE,SE 4022,4022
SEMBABULE,SE 4013,4013
SEMBABULE,SE 4021,4021
SEMBABULE,SE4047,4047
SEMBABULE,SE 4026,4026
SEMBABULE,SE4004,4004
SEMBABULE,SE4011,4011
SEMBABULE,SE 4023,4023
SEMBABULE,SE 4033,4033
SEMBABULE,SE 4007,4007
SEMBABULE,SE 4012,4012
SEMBABULE,SE 4016,4016
SEMBABULE,SE4008,4008
SEMBABULE,SE 3947,3947
SEMBABULE,SE3915,3915
SEMBABULE,SE3943,3943
SEMBABULE,SE3908,3908
SEMBABULE,SE 3918,3918
SEMBABULE,SE 3906,3906
SEMBABULE,SE 3882,3882
SEMBABULE,SE 3899,3899
SEMBABULE,SE 3898,3898
SEMBABULE,SE 3865,3865
SEMBABULE,SE 3806,3806
SEMBABULE,SE 3847,3847
SEMBABULE,SE3868,3868
SEMBABULE,SE 3838,3838
SEMBABULE,SE 4078,4078
SEMBABULE,SE4088,4088
SEMBABULE,SE 4090,4090
SEMBABULE,SE 4089,4089
SEMBABULE,SE 4091,4091
SEMBABULE,SE 4072,4072
SEMBABULE,SE 4071,4071
SEMBABULE,SE 4077,4077
SEMBABULE,SE 3990,3990
SEMBABULE,SE 2954,2954
SEMBABULE,SE 2975,2975
SEMBABULE,SE 2903,2903
SEMBABULE,SE 2915,2915
SEMBABULE,SE 4059,4059
SEMBABULE,SE 2917,2917
SEMBABULE,SE 2912,2912
SEMBABULE,SE 2938,2938
SEMBABULE,SE 2927,2927
SEMBABULE,SE 2935,2935
SEMBABULE,SE 2919,2919
SEMBABULE,SE 2933,2933
SEMBABULE,SE 2947,2947
SEMBABULE,SE 2929,2929
SEMBABULE,SE3996,3996
SEMBABULE,SE 3498,3498
SEMBABULE,SE 5007,5007
SEMBABULE,SE 4095,4095
SEMBABULE,SE 4073,4073
SEMBABULE,SE 2822,2822
SEMBABULE,SE 2924,2924
SEMBABULE,SE 2946,2946
SEMBABULE,SE 3285,3285
SEMBABULE,SE 2857,2857
SEMBABULE,SE 5009,5009
SEMBABULE,SE 4034,4034
SEMBABULE,SE 4094,4094
SEMBABULE,SE 3081,3081
SEMBABULE,SE 4057,4057
SEMBABULE,SE 3163,3163
SEMBABULE,SE2410,2410
SEMBABULE,SE 3058,3058
SEMBABULE,SE 2809,2809
SEMBABULE,SE 2854,2854
SEMBABULE,SE 2895,2895
SEMBABULE,SE 5015,5015
SEMBABULE,SE 3992,3992
SEMBABULE,SE 4098,4098
SEMBABULE,SE 4097,4097
SEMBABULE,SE 2898,2898
SEMBABULE,SE 2922,2922
SEMBABULE,SE 3394,3394
SEMBABULE,SE 5013,5013
SEMBABULE,SE 4125,4125
SEMBABULE,SE 5031,5031
SEMBABULE,SE 5021,5021
SEMBABULE,SE 5002,5002
SEMBABULE,SE 5022,5022
SEMBABULE,SE 5024,5024
SEMBABULE,SE 2820,2820
SEMBABULE,SE 2835,2835
SEMBABULE,SE 2918,2918
SEMBABULE,SE 3710,3710
SEMBABULE,SE 2928,2928
SEMBABULE,SE 3841,3841
SEMBABULE,SE 369,369
SEMBABULE,SE 3028,3028
SEMBABULE,SE 3744,3744
SEMBABULE,SE 2838,2838
SEMBABULE,SE 2864,2864
SEMBABULE,SE 3922,3922
SEMBABULE,SE 2865,2865
SEMBABULE,SE 3781,3781
SEMBABULE,SE 3746,3746
SEMBABULE,SE 4156,4156
SEMBABULE,SE 4158,4158
SEMBABULE,SE4157,4157
SEMBABULE,SE4134,4134
SEMBABULE,SE 4161,4161
SEMBABULE,SE 4151,4151
SEMBABULE,SE3602,3602
SEMBABULE,SE 4028,4028
SEMBABULE,SE 3060,3060
SEMBABULE,SE 4116,4116
SEMBABULE,SE3072,3072
SEMBABULE,SE 2252,2252
SEMBABULE,SE 4143,4143
SEMBABULE,SE 4168,4168
SEMBABULE,SE 3083,3083
SEMBABULE,SE4167,4167
SEMBABULE,SE 2934,2934
SEMBABULE,SE 4085,4085
SEMBABULE,SE 2968,2968
SEMBABULE,SE 2529,2529
SEMBABULE,SE 2831,2831
SEMBABULE,SE 4132,4132
SEMBABULE,SE 4149,4149
SEMBABULE,SE 4145,4145
SEMBABULE,SE 3874,3874
SEMBABULE,SE 2923,2923
SEMBABULE,SE4150,4150
SEMBABULE,SE 4175,4175
SEMBABULE,SE 3754,3754
SEMBABULE,SE 4127,4127
SEMBABULE,SE 4169,4169
SEMBABULE,SE 2416,2416
SEMBABULE,SE 4176,4176
SEMBABULE,SE 3786,3786
SEMBABULE,SE4234,4234
SEMBABULE,SE4231,4231
SEMBABULE,SE4251,4251
SEMBABULE,SE 4271,4271
SEMBABULE,SE4256,4256
SEMBABULE,SE4220,4220
SEMBABULE,SE4276,4276
SEMBABULE,SE4233,4233
SEMBABULE,SE4214,4214
SEMBABULE,SE4216,4216
SEMBABULE,SE4232,4232
SEMBABULE,SE4212,4212
SEMBABULE,SE4255,4255
SEMBABULE,SE4200,4200
SEMBABULE,SE4205,4205
SEMBABULE,SE4201,4201
SEMBABULE,SE4222,4222
SEMBABULE,SE4240,4240
SEMBABULE,SE4126,4126
SEMBABULE,SE4155,4155
SEMBABULE,SE4213,4213
SEMBABULE,SE4163,4163
SEMBABULE,SE4137,4137
SEMBABULE,SE4198,4198
SEMBABULE,SE4195,4195
SEMBABULE,SE4147,4147
SEMBABULE,SE4110,4110
SEMBABULE,SE4166,4166
SEMBABULE,SE4197,4197
SEMBABULE,SE4101,4101
SEMBABULE,SE4100,4100
SEMBABULE,SE4196,4196
SEMBABULE,SE3982,3982
SEMBABULE,SE3967,3967
SEMBABULE,SE3956,3956
SEMBABULE,SE3931,3931
SEMBABULE,SE3946,3946
SEMBABULE,SE3957,3957
SEMBABULE,SE3977,3977
SEMBABULE,SE3920,3920
SEMBABULE,SE3963,3963
SEMBABULE,SE3964,3964
SEMBABULE,SE3991,3991
SEMBABULE,SE3983,3983
SEMBABULE,SE3764,3764
SEMBABULE,SE3794,3794
SEMBABULE,SE3765,3765
SEMBABULE,SE3785,3785
SEMBABULE,SE3748,3748
SEMBABULE,SE3726,3726
SEMBABULE,SE3793,3793
SEMBABULE,SE3756,3756
SEMBABULE,SE3789,3789
SEMBABULE,SE3730,3730
SEMBABULE,SE3771,3771
SEMBABULE,SE3715,3715
SEMBABULE,SE3799,3799
SEMBABULE,SE3775,3775
SEMBABULE,SE3777,3777
SEMBABULE,SE3733,3733
SEMBABULE,SE3734,3734
SEMBABULE,SE3727,3727
SEMBABULE,SE4264,4264
SEMBABULE,SE3628,3628
SEMBABULE,SE3667,3667
SEMBABULE,SE3665,3665
SEMBABULE,SE3545,3545
SEMBABULE,SE3559,3559
SEMBABULE,SE3532,3532
SEMBABULE,SE3519,3519
SEMBABULE,SE3455,3455
SEMBABULE,SE3313,3313
SEMBABULE,SE3245,3245
SEMBABULE,SE3290,3290
SEMBABULE,SE3284,3284
SEMBABULE,SE3210,3210
SEMBABULE,SE3217,3217
SEMBABULE,SE3273,3273
SEMBABULE,SE3187,3187
SEMBABULE,SE3184,3184
SEMBABULE,SE4310,4310
SEMBABULE,SE3030,3030
SEMBABULE,SE3000,3000
SEMBABULE,SE3041,3041
SEMBABULE,SE3015,3015
SEMBABULE,SE3019,3019
SEMBABULE,SE3066,3066
SEMBABULE,SE3074,3074
SEMBABULE,SE3047,3047
SEMBABULE,SE3084,3084
SEMBABULE,SE3068,3068
SEMBABULE,SE3049,3049
SEMBABULE,SE3053,3053
SEMBABULE,SE2814,2814
SEMBABULE,SE2806,2806
SEMBABULE,SE2897,2897
SEMBABULE,SE2812,2812
SEMBABULE,SE2885,2885
SEMBABULE,SE2848,2848
SEMBABULE,SE2847,2847
SEMBABULE,SE2840,2840
SEMBABULE,SE2832,2832
SEMBABULE,SE2871,2871
SEMBABULE,SE2827,2827
SEMBABULE,SE2839,2839
SEMBABULE,SE2808,2808
SEMBABULE,SE2826,2826
SEMBABULE,SE2851,2851
SEMBABULE,SE2866,2866
SEMBABULE,SE2821,2821
SEMBABULE,SE2670,2670
SEMBABULE,SE2647,2647
SEMBABULE,SE2618,2618
SEMBABULE,SE2683,2683
SEMBABULE,SE2667,2667
SEMBABULE,SE2643,2643
SEMBABULE,SE2575,2575
SEMBABULE,SE2530,2530
SEMBABULE,SE02354,2354
SEMBABULE,SE2019,2019
SEMBABULE,SE4292,4292
SEMBABULE,SE4314,4314
SEMBABULE,SE4287,4287
SEMBABULE,SE4204,4204
SEMBABULE,SE4263,4263
SEMBABULE,SE4305,4305
SEMBABULE,SE4224,4224
SEMBABULE,SE4262,4262
SEMBABULE,SE4270,4270
SEMBABULE,SE4318,4318
SEMBABULE,SE4307,4307
SEMBABULE,SE4130,4130
SEMBABULE,SE4162,4162
SEMBABULE,SE4223,4223
SEMBABULE,SE2971,2971
SEMBABULE,SE3356,3356
SEMBABULE,SE3460,3460
SEMBABULE,SE4333,4333
SEMBABULE,SE4092,4092
SEMBABULE,SE2970,2970
SEMBABULE,SE3598,3598
SEMBABULE,SE4335,4335
SEMBABULE,SE4275,4275
SEMBABULE,SE3016,3016
SEMBABULE,SE3795,3795
SEMBABULE,SE4173,4173
SEMBABULE,SE2711,2711
SEMBABULE,SE2910,2910
SEMBABULE,SE3925,3925
SEMBABULE,SE4253,4253
SEMBABULE,SE2909,2909
SEMBABULE,SE4260,4260
SEMBABULE,SE4329,4329
SEMBABULE,SE4321,4321
SEMBABULE,SE3675,3675
SEMBABULE,SE4096,4096
SEMBABULE,SE4122,4122
SEMBABULE,SE4114,4114
SEMBABULE,SE1509,1509
SEMBABULE,SE4312,4312
SEMBABULE,SE4350,4350
SEMBABULE,SE4279,4279
SEMBABULE,SE4202,4202
SEMBABULE,SE4348,4348
SEMBABULE,SE4306,4306
SEMBABULE,SE3322,3322
SEMBABULE,SE1326,1326
SEMBABULE,SE4229,4229
SEMBABULE,SE4190,4190
SEMBABULE,SE4225,4225
SEMBABULE,SE4347,4347
SEMBABULE,SE3075,3075
SEMBABULE,SE4430,4430
SEMBABULE,SE4422,4422
SEMBABULE,SE4408,4408
SEMBABULE,SE4400,4400
SEMBABULE,SE4437,4437
SEMBABULE,SE4457,4457
SEMBABULE,SE4467,4467
SEMBABULE,SE4410,4410
SEMBABULE,SE4407,4407
SEMBABULE,SE4458,4458
SEMBABULE,SE4426,4426
SEMBABULE,SE4423,4423
SEMBABULE,SE4469,4469
SEMBABULE,SE4411,4411
SEMBABULE,SE4397,4397
SEMBABULE,SE4398,4398
SEMBABULE,SE4356,4356
SEMBABULE,SE4315,4315
SEMBABULE,SE4334,4334
SEMBABULE,SE4378,4378
SEMBABULE,SE4385,4385
SEMBABULE,SE4395,4395
SEMBABULE,SE4349,4349
SEMBABULE,SE4365,4365
SEMBABULE,SE4354,4354
SEMBABULE,SE4313,4313
SEMBABULE,SE4381,4381
SEMBABULE,SE4371,4371
SEMBABULE,SE  4376,4376
SEMBABULE,SE4311,4311
SEMBABULE,SE4267,4267
SEMBABULE,SE4443,4443
SEMBABULE,SE4416,4416
SEMBABULE,SE4434,4434
SEMBABULE,SE4433,4433
SEMBABULE,SE4476,4476
SEMBABULE,SE4425,4425
SEMBABULE,SE4509,4509
SEMBABULE,SE4420,4420
SEMBABULE,SE4340,4340
SEMBABULE,SE4295,4295
SEMBABULE,SE4466,4466
SEMBABULE,SE4189,4189
SEMBABULE,SE4492,4492
SEMBABULE,SE4478,4478
SEMBABULE,SE4510,4510
SEMBABULE,SE4511,4511
SEMBABULE,SE2902,2902
SEMBABULE,SE3022,3022
SEMBABULE,SE4480,4480
SEMBABULE,SE4498,4498
SEMBABULE,SE4522,4522
SEMBABULE,SE4523,4523
SEMBABULE,SE-4518,4518
SEMBABULE,SE4301,4301
SEMBABULE,SE4539,4539
SEMBABULE,SE4490,4490
SEMBABULE,SE4537,4537
SEMBABULE,SE4502,4502
SEMBABULE,SE4636,4636
SEMBABULE,SE4535,4535
SEMBABULE,SE4534,4534
SEMBABULE,SE4338,4338
SEMBABULE,SE3966,3966
SEMBABULE,SE4419,4419
SEMBABULE,SE4139,4139
SEMBABULE,SE4517,4517
SEMBABULE,SE4402,4402
SEMBABULE,SE4475,4475
SEMBABULE,SE4461,4461
SEMBABULE,SE4489,4489
SEMBABULE,SE4529,4529
SEMBABULE,SE4401,4401
SEMBABULE,SE4544,4544
SEMBABULE,SE4557,4557
SEMBABULE,SE4302,4302
SEMBABULE,SE4374,4374
SEMBABULE,SE4561,4561
SEMBABULE,SE3413,3413
SEMBABULE,SE4439,4439
SEMBABULE,SE4473,4473
SEMBABULE,SE4528,4528
SEMBABULE,SE4074,4074
SEMBABULE,SE4445,4445
SEMBABULE,SE2807,2807
SEMBABULE,SE4543,4543
SEMBABULE,SE4477,4477
SEMBABULE,SE4115,4115
SEMBABULE,SE3389,3389
SEMBABULE,SE4485,4485
SEMBABULE,SE2996,2996
SEMBABULE,SE3240,3240
SEMBABULE,SE4495,4495
SEMBABULE,SE4486,4486
SEMBABULE,SE4584,4584
SEMBABULE,SE4454,4454
SEMBABULE,SE4406,4406
SEMBABULE,SE4526,4526
SEMBABULE,SE4545,4545
SEMBABULE,SE4573,4573
SEMBABULE,SE4560,4560
SEMBABULE,SE4621,4621
SEMBABULE,SE4701,4701
SEMBABULE,SE4671,4671
SEMBABULE,SE4613,4613
SEMBABULE,SE4700,4700
SEMBABULE,SE4662,4662
SEMBABULE,SE4670,4670
SEMBABULE,SE4695,4695
SEMBABULE,SE4564,4564
SEMBABULE,SE4580,4580
SEMBABULE,SE4663,4663
SEMBABULE,SE4642,4642
SEMBABULE,SE4679,4679
SEMBABULE,SE4637,4637
SEMBABULE,SE4628,4628
SEMBABULE,SE4626,4626
SEMBABULE,SE4682,4682
SEMBABULE,SE4680,4680
SEMBABULE,SE4681,4681
SEMBABULE,SE4697,4697
SEMBABULE,SE4645,4645
SEMBABULE,SE4708,4708
SEMBABULE,SE4678,4678
SEMBABULE,SE4650,4650
SEMBABULE,SE4615,4615
SEMBABULE,SE4661,4661
SEMBABULE,SE4660,4660
SEMBABULE,SE4718,4718
SEMBABULE,SE4730,4730
SEMBABULE,SE4738,4738
SEMBABULE,SE4740,4740
SEMBABULE,SE4732,4732
SEMBABULE,SE4729,4729
SEMBABULE,SE4712,4712
SEMBABULE,SE4711,4711
SEMBABULE,SE4728,4728
SEMBABULE,SE4734,4734
SEMBABULE,SE4721,4721
SEMBABULE,SE4744,4744
SEMBABULE,SE4748,4748
SEMBABULE,SE4745,4745
SEMBABULE,SE4755,4755
SEMBABULE,SE4731,4731
SEMBABULE,SE4722,4722
SEMBABULE,SE4739,4739
SEMBABULE,SE4746,4746
SEMBABULE,SE4756,4756
SEMBABULE,SE4622,4622
SEMBABULE,SE4686,4686
SEMBABULE,SE4602,4602
SEMBABULE,SE4696,4696
SEMBABULE,SE4619,4619
SEMBABULE,SE4779,4779
SEMBABULE,SE4694,4694
SEMBABULE,SE4672,4672
SEMBABULE,SE4719,4719
SEMBABULE,SE4741,4741
SEMBABULE,SE4749,4749
SEMBABULE,SE4705,4705
SEMBABULE,SE4703,4703
SEMBABULE,SE4704,4704
SEMBABULE,SE4763,4763
SEMBABULE,SE4780,4780
SEMBABULE,SE4751,4751
SEMBABULE,SE4766,4766
SEMBABULE,SE4753,4753
SEMBABULE,SE4787,4787
SEMBABULE,SE4717,4717
SEMBABULE,SE4788,4788
SEMBABULE,SE4792,4792
SEMBABULE,SE4778,4778
SEMBABULE,SE4714,4714
SEMBABULE,SE4786,4786
SEMBABULE,SE4783,4783
SEMBABULE,SE4785,4785
SEMBABULE,SE4782,4782
SEMBABULE,SE4795,4795
SEMBABULE,SE4798,4798
SEMBABULE,SE4799,4799
SEMBABULE,SE4727,4727
SEMBABULE,SE4784,4784
SEMBABULE,SE4790,4790
SEMBABULE,SE4765,4765
SEMBABULE,SE4769,4769
SEMBABULE,SE4767,4767
SEMBABULE,SE4758,4758
SEMBABULE,SE4713,4713
SEMBABULE,2457,2457
SEMBABULE,SE4757,4757
SEMBABULE,SE4812,4812
SEMBABULE,SE4808,4808
SEMBABULE,SE4852,4852
SEMBABULE,SE4853,4853
SEMBABULE,SE4774,4774
SEMBABULE,SE4733,4733
SEMBABULE,SE4736,4736
SEMBABULE,SE3292,3292
SEMBABULE,SE3216,3216
SEMBABULE,SE4119,4119
SEMBABULE,SE4249,4249
SEMBABULE,SE4283,4283
SEMBABULE,SE4244,4244
SEMBABULE,SE4284,4284
SEMBABULE,SE4588,4588
SEMBABULE,SE4525,4525
SEMBABULE,SE4587,4587
SEMBABULE,SE4665,4665
SEMBABULE,SE4698,4698
SEMBABULE,SE4187,4187
SEMBABULE,SE4180,4180
SEMBABULE,SE4093,4093
SEMBABULE,SE4144,4144
SEMBABULE,SE4851,4851
SEMBABULE,SE4540,4540
SEMBABULE,SE4391,4391
SEMBABULE,SE4791,4791
SEMBABULE,SE4654,4654
SEMBABULE,SE4355,4355
SEMBABULE,SE2972,2972
SEMBABULE,SE4818,4818
SEMBABULE,SE4725,4725
SEMBABULE,SE4638,4638
SEMBABULE,SE4317,4317
SEMBABULE,SE4857,4857
SEMBABULE,SE4726,4726
SEMBABULE,SE 4563,4563
SEMBABULE,SE3820,3820
SEMBABULE,SE 2435,2435
SEMBABULE,SE4316,4316
SEMBABULE,SE 528,528
SEMBABULE,SE 3783,3783
SEMBABULE,SE3276,3276
SEMBABULE,SE 4372,4372
SEMBABULE,SE4644,4644
SEMBABULE,SE4814,4814
SEMBABULE,SE4813,4813
SEMBABULE,SE 4664,4664
SEMBABULE,SE 4640,4640
SEMBABULE,SE3459,3459
SEMBABULE,SE 3648,3648
SEMBABULE,SE4558,4558
SEMBABULE,SE 4777,4777
SEMBABULE,SE4715,4715
SEMBABULE,SE4707,4707
SEMBABULE,SE 4436,4436
SEMBABULE,SE 4702,4702
SEMBABULE,SE4323,4323
SEMBABULE,SE4491,4491
SEMBABULE,SE4507,4507
SEMBABULE,SE3063,3063
SEMBABULE,SE4625,4625
SEMBABULE,SE2142,2142
SEMBABULE,SE3843,3843
SEMBABULE,SE3538,3538
SEMBABULE,SE3424,3424
SEMBABULE,SE4735,4735
SEMBABULE,SE3973,3973
SEMBABULE,4761,4761
SEMBABULE,SE3002,3002
SEMBABULE,SE4793,4793
SEMBABULE,SE4629,4629
SEMBABULE,SE3039,3039
SEMBABULE,SE4760,4760
SEMBABULE,SE4482,4482
SEMBABULE,SE4431,4431
SEMBABULE,SE4083,4083
SEMBABULE,SE3289,3289
SEMBABULE,SE2484,2484
SEMBABULE,SE4389,4389
SEMBABULE,SE4474,4474
SEMBABULE,SE2985,2985
SEMBABULE,SE4277,4277
SEMBABULE,SE3157,3157
SEMBABULE,SE4624,4624
SEMBABULE,SE4819,4819
SEMBABULE,SE4044,4044
SEMBABULE,SE3401,3401
SEMBABULE,SE4290,4290
SEMBABULE,SE3014,3014
SEMBABULE,SE4293,4293
SEMBABULE,SE4483,4483
SEMBABULE,SE4417,4417
SEMBABULE,SE3808,3808
SEMBABULE,SE4463,4463
SEMBABULE,SE4823,4823
SEMBABULE,SE3807,3807
SEMBABULE,SE3018,3018
SEMBABULE,SE2368,2368
SEMBABULE,SE1476,1476
SEMBABULE,SE3385,3385
SEMBABULE,SE4487,4487
SEMBABULE,SE4484,4484
SEMBABULE,SE4689,4689
SEMBABULE,SE4036,4036
SEMBABULE,SE4781,4781
SEMBABULE,SE4440,4440
SEMBABULE,SE4508,4508
SEMBABULE,SE3417,3417
SEMBABULE,SE4630,4630
SEMBABULE,SE4764,4764
SEMBABULE,SE4387,4387
SEMBABULE,SE4281,4281
SEMBABULE,SE4555,4555
SEMBABULE,SE4595,4595
SEMBABULE,SE4828,4828
SEMBABULE,SE4296,4296
SEMBABULE,SE4165,4165
SEMBABULE,SE4832,4832
SEMBABULE,SE4768,4768
SEMBABULE,SE4236,4236
SEMBABULE,4830,4830
SEMBABULE,SE4237,4237
SEMBABULE,SE4773,4773
SEMBABULE,SE4831,4831
SEMBABULE,SE4282,4282
SEMBABULE,SE2998,2998
SEMBABULE,SE3778,3778
SEMBABULE,SE4816,4816
SEMBABULE,SE4118,4118
SEMBABULE,SE4833,4833
SEMBABULE,SE4614,4614
SEMBABULE,SE4789,4789
SEMBABULE,SE4858,4858
SEMBABULE,SE4834,4834
SEMBABULE,SE2959,2959
SEMBABULE,SE4235,4235
SEMBABULE,SE4639,4639
SEMBABULE,SE3917,3917
SEMBABULE,SE4219,4219
SEMBABULE,SE3494,3494
SEMBABULE,SE4392,4392
SEMBABULE,SE4272,4272
SEMBABULE,SE4513,4513
SEMBABULE,SE4520,4520
SEMBABULE,SE4593,4593
SEMBABULE,SE4635,4635
SEMBABULE,SE4673,4673
SEMBABULE,SE4268,4268
SEMBABULE,SE4669,4669
SEMBABULE,SE4227,4227
SEMBABULE,SE4616,4616
SEMBABULE,SE3009,3009
SEMBABULE,SE4309,4309
SEMBABULE,SE4631,4631
SEMBABULE,SE4500,4500
SEMBABULE,SE4185,4185
SEMBABULE,SE4308,4308
SEMBABULE,SE4344,4344
SEMBABULE,SE3293,3293
SEMBABULE,S3844,3844
SEMBABULE,SE3652,3652
SEMBABULE,SE3677,3677
SEMBABULE,SE4688,4688
SEMBABULE,SE3674,3674
SEMBABULE,SE4862,4862
SEMBABULE,SE4759,4759
SEMBABULE,SE4045,4045
SEMBABULE,SE3971,3971
SEMBABULE,SE4597,4597
SEMBABULE,SE4685,4685
SEMBABULE,SE4015,4015
SEMBABULE,SE4448,4448
SEMBABULE,SE4541,4541
SEMBABULE,SE4449,4449
SEMBABULE,SE4261,4261
SEMBABULE,SE4863,4863
SEMBABULE,SE4254,4254
SEMBABULE,SE4193,4193
SEMBABULE,SE4720,4720
SEMBABULE,SE4450,4450
SEMBABULE,SE4865,4865
SEMBABULE,SE4570,4570
SEMBABULE,SE4647,4647
SEMBABULE,SE4591,4591
SEMBABULE,SE3495,3495
SEMBABULE,SE4592,4592
SEMBABULE,SE3656,3656
SEMBABULE,SE4569,4569
SEMBABULE,MT3937,3937
SEMBABULE,SE4524,4524
SEMBABULE,SE3921,3921
SEMBABULE,SE4300,4300
SEMBABULE,SE3846,3846
SEMBABULE,SE4549,4549
SEMBABULE,SE4575,4575
SEMBABULE,SE4337,4337
SEMBABULE,SE4864,4864
SEMBABULE,SE4366,4366
SEMBABULE,SE4849,4849
SEMBABULE,SE4413,4413
SEMBABULE,SE1526,1526
SEMBABULE,SE1708,1708
SEMBABULE,SE3056,3056
SEMBABULE,SE3069,3069
SEMBABULE,SE3981,3981
SEMBABULE,SE3930,3930
SEMBABULE,SE3980,3980
SEMBABULE,SE2960,2960
SEMBABULE,SE2982,2982
SEMBABULE,SE3025,3025
SEMBABULE,SE3007,3007
SEMBABULE,SE3023,3023
SEMBABULE,SE3037,3037
SEMBABULE,SE2963,2963
SEMBABULE,SE4538,4538
SEMBABULE,SE2980,2980
SEMBABULE,SE4504,4504
SEMBABULE,SE2983,2983
SEMBABULE,SE 3772,3772
SEMBABULE,SE3955,3955
SEMBABULE,SE4866,4866
SEMBABULE,SE3731,3731
SEMBABULE,SE4546,4546
SEMBABULE,SE4550,4550
SEMBABULE,SE 2531,2531
SEMBABULE,SE4065,4065
SEMBABULE,SE3975,3975
SEMBABULE,SE4082,4082
SEMBABULE,SE3970,3970
SEMBABULE,SE4075,4075
SEMBABULE,SE4343,4343
SEMBABULE,SE 4107,4107
SEMBABULE,SE2949,2949
SEMBABULE,SE4039,4039
SEMBABULE,SE3796,3796
SEMBABULE,SE2948,2948
SEMBABULE,SE4029,4029
SEMBABULE,SE4079,4079
SEMBABULE,SE4585,4585
SEMBABULE,SE4304,4304
SEMBABULE,SE3484,3484
SEMBABULE,SE4322,4322
SEMBABULE,SE4342,4342
SEMBABULE,SE4388,4388
SEMBABULE,SE4360,4360
SEMBABULE,SE 4379,4379
SEMBABULE,SE4346,4346
SEMBABULE,SE 4451,4451
SEMBABULE,SE4248,4248
SEMBABULE,SE 4369,4369
SEMBABULE,SE4297,4297
SEMBABULE,SE4265,4265
SEMBABULE,SE 4383,4383
SEMBABULE,SE4218,4218
SEMBABULE,SE2966,2966
SEMBABULE,SE3340,3340
SEMBABULE,SE3774,3774
SEMBABULE,SE2916,2916
SEMBABULE,SE4191,4191
SEMBABULE,SE2900,2900
SEMBABULE,SE4258,4258
SEMBABULE,SE4456,4456
SEMBABULE,SE4257,4257
SEMBABULE,SE4488,4488
SEMBABULE,SE4111,4111
SEMBABULE,SE4594,4594
SEMBABULE,SE4562,4562
SEMBABULE,SE4470,4470
SEMBABULE,SE4566,4566
SEMBABULE,SE4574,4574
SEMBABULE,SE4583,4583
SEMBABULE,SE4472,4472
SEMBABULE,SE4521,4521
SEMBABULE,SE4582,4582
SEMBABULE,SE4565,4565
SEMBABULE,SE4568,4568
SEMBABULE,SE4599,4599
SEMBABULE,SE4567,4567
SEMBABULE,SE4556,4556
SEMBABULE,SE4609,4609
SEMBABULE,SE4548,4548
SEMBABULE,SE4532,4532
SEMBABULE,SE4501,4501
SEMBABULE,4505,4505
SEMBABULE,SE4658,4658
SEMBABULE,SE4572,4572
SEMBABULE,SE4581,4581
SEMBABULE,SE4692,4692
SEMBABULE,SE4598,4598
SEMBABULE,SE4531,4531
SEMBABULE,SE4667,4667
SEMBABULE,SE4655,4655
SEMBABULE,SE4611,4611
SEMBABULE,SE4653,4653
SEMBABULE,SE4633,4633
SEMBABULE,SE4623,4623
SEMBABULE,SE4648,4648
SEMBABULE,SE:4641,4641
SEMBABULE,SE4666,4666
SEMBABULE,SE4632,4632
SEMBABULE,SE4699,4699
SEMBABULE,SE4737,4737
SEMBABULE,SE4752,4752
SEMBABULE,SE4610,4610
SEMBABULE,SE4690,4690
SEMBABULE,SE4772,4772
SEMBABULE,SE4776,4776
SEMBABULE,SE4606,4606
SEMBABULE,SE4684,4684
SEMBABULE,SE4794,4794
SEMBABULE,SE4754,4754
SEMBABULE,SE4724,4724
SEMBABULE,SE 4785,4785
SEMBABULE,SE4797,4797
SEMBABULE,SE4747,4747
SEMBABULE,SE4775,4775
SEMBABULE,SE4762,4762
SEMBABULE,SE4716,4716
SEMBABULE,SE4844,4844
SEMBABULE,SE4835,4835
SEMBABULE,SE4821,4821
SEMBABULE,SE4840,4840
SEMBABULE,SE4847,4847
SEMBABULE,SE4822,4822
SEMBABULE,SE4826,4826
SEMBABULE,SE4800,4800
SEMBABULE,SE4827,4827
SEMBABULE,SE4801,4801
SEMBABULE,SE04815,4815
SEMBABULE,SE4838,4838
SEMBABULE,SE4824,4824
SEMBABULE,SE4854,4854
SEMBABULE,SE4839,4839
SEMBABULE,SE4859,4859
SEMBABULE,SE4841,4841
SEMBABULE,SE4843,4843
SEMBABULE,SE4855,4855
SEMBABULE,SE4817,4817
SEMBABULE,SE4820,4820
SEMBABULE,SE4861,4861
SEMBABULE,SE4811,4811
SEMBABULE,SE4850,4850
SEMBABULE,SE4810,4810
SEMBABULE,SE4836,4836
SEMBABULE,SE4829,4829
SEMBABULE,SE4842,4842
SEMBABULE,SE4825,4825
SEMBABULE,SE4802,4802
SEMBABULE,SE4846,4846
SEMBABULE,SE4860,4860
SEMBABULE,SE4809,4809
SEMBABULE,SE4706,4706
SEMBABULE,SE4770,4770
SEMBABULE,SE3108,3108
SEMBABULE,SE4060,4060
SEMBABULE,SE3590,3590
SEMBABULE,SE4032,4032
SEMBABULE,SE-3452,3452
SEMBABULE,SE2995,2995
SEMBABULE,SE2883,2883
SEMBABULE,SE4750,4750
SEMBABULE,SE4319,4319
SEMBABULE,SE3575,3575
SEMBABULE,SE3888,3888
SEMBABULE,SE3854,3854
SEMBABULE,SE4675,4675
SEMBABULE,SE4497,4497
SEMBABULE,SE4693,4693
SEMBABULE,SE4605,4605
SEMBABULE,SE4634,4634
SEMBABULE,SE4600,4600
SEMBABULE,SE4643,4643
SEMBABULE,2858,2858
SEMBABULE,SE 3760,3760
SEMBABULE,SE4278,4278
SEMBABULE,SE2890,2890
SEMBABULE,SE4444,4444
SEMBABULE,SE4687,4687
SEMBABULE,SE 3929,3929
SEMBABULE,SE2819,2819
SEMBABULE,SE4677,4677
SEMBABULE,SE2896,2896
SEMBABULE,SE3454,3454
SEMBABULE,SE3270,3270
SEMBABULE,SE3201,3201
SEMBABULE,SE3488,3488
SEMBABULE,SE3264,3264
SEMBABULE,SE4590,4590
SEMBABULE,SE 3127,3127
SEMBABULE,SE4427,4427
SEMBABULE,SE4620,4620
SEMBABULE,SE 2237,2237
SEMBABULE,SE4542,4542
SEMBABULE,SE 4006,4006
SEMBABULE,SE4646,4646
SEMBABULE,SE4230,4230
SEMBABULE,SE 4174,4174
SEMBABULE,SE4479,4479
SEMBABULE,SE 3881,3881
SEMBABULE,SE4352,4352
SEMBABULE,SE4325,4325
SEMBABULE,SE 3107,3107
SEMBABULE,SE4530,4530
SEMBABULE,SE4361,4361
SEMBABULE,SE4414,4414
SEMBABULE,SE2815,2815
SEMBABULE,SE4178,4178
SEMBABULE,SE 3950,3950
SEMBABULE,SE4533,4533
SEMBABULE,SE4519,4519
SEMBABULE,SE 2873,2873
SEMBABULE,SE4170,4170
SEMBABULE,SE4618,4618
SEMBABULE,SE4578,4578
SEMBABULE,SE3767,3767
SEMBABULE,4571,4571
SEMBABULE,SE4141,4141
SEMBABULE,SE4471,4471
SEMBABULE,SE4064,4064
SEMBABULE,SE 2406,2406
SEMBABULE,SE4652,4652
SEMBABULE,SE 3676,3676
SEMBABULE,SE3945,3945
SEMBABULE,SE 2367,2367
SEMBABULE,SE4179,4179
SEMBABULE,SE4551,4551
SEMBABULE,SE4554,4554
SEMBABULE,SE 4368,4368
SEMBABULE,SE3177,3177
SEMBABULE,SE3792,3792
SEMBABULE,SE 3986,3986
SEMBABULE,SE3197,3197
SEMBABULE,SE3205,3205
SEMBABULE,SE 4320,4320
SEMBABULE,SE3076,3076
SEMBABULE,SE 4396,4396
SEMBABULE,SE4035,4035
SEMBABULE,SE2816,2816
SEMBABULE,SE4160,4160
SEMBABULE,SE 4462,4462
SEMBABULE,SE4159,4159
SEMBABULE,SE4274,4274
SEMBABULE,SE4241,4241
SEMBABULE,SE4291,4291
SEMBABULE,SE 4375,4375
SEMBABULE,MT4242,4242
SEMBABULE,SE2469,2469
SEMBABULE,SE3017,3017
SEMBABULE,SE4464,4464
SEMBABULE,SE 4001,4001
SEMBABULE,MT2093,2093
SEMBABULE,SE 2471,2471
SEMBABULE,SE4447,4447
SEMBABULE,SE3316,3316
SEMBABULE,SE 4017,4017
SEMBABULE,SE3190,3190
SEMBABULE,SE3580,3580
SEMBABULE,SE 4403,4403
SEMBABULE,SE4086,4086
SEMBABULE,SE3175,3175
SEMBABULE,SE 4441,4441
SEMBABULE,SE4358,4358
SEMBABULE,SE3984,3984
SEMBABULE,SE3716,3716
SEMBABULE,SE3191,3191
SEMBABULE,SE 5004,5004
SEMBABULE,SE5003,5003
SEMBABULE,SE4512,4512
SEMBABULE,SE3776,3776
SEMBABULE,SE 4561,4561
SEMBABULE,SE4586,4586
SEMBABULE,SE3038,3038
SEMBABULE,SE4577,4577
SEMBABULE,SE3067,3067
SEMBABULE,SE2542,2542
SEMBABULE,SE 3509,3509
SEMBABULE,SE3747,3747
SEMBABULE,SE3206,3206
SEMBABULE,SE4382,4382
SEMBABULE,SE 4627,4627
SEMBABULE,SE3241,3241
SEMBABULE,SE2328,2328
SEMBABULE,SE2921,2921
SEMBABULE,SE4172,4172
SEMBABULE,SE 2974,2974
SEMBABULE,SE4245,4245
SEMBABULE,SE4299,4299
SEMBABULE,SE 2997,2997
SEMBABULE,SE4238,4238
SEMBABULE,SE4148,4148
SEMBABULE,SE4294,4294
SEMBABULE,SE3134,3134
SEMBABULE,SE4221,4221
SEMBABULE,SE3135,3135
SEMBABULE,SE 3672,3672
SEMBABULE,SE4252,4252
SEMBABULE,SE4154,4154
SEMBABULE,SE2399,2399
SEMBABULE,SE4612,4612
SEMBABULE,SE2443,2443
SEMBABULE,SE 3193,3193
SEMBABULE,SE4386,4386
SEMBABULE,SE2892,2892
SEMBABULE,SE2863,2863
SEMBABULE,SE 3321,3321
SEMBABULE,SE4384,4384
SEMBABULE,SE4324,4324
SEMBABULE,SE 3323,3323
SEMBABULE,SE36987,36987
SEMBABULE,SE3741,3741
SEMBABULE,SE2818,2818
SEMBABULE,SE 3046,3046
SEMBABULE,SE4429,4429
SEMBABULE,SE4596,4596
SEMBABULE,SE4683,4683
SEMBABULE,SE 3993,3993
SEMBABULE,SE-4709,4709
SEMBABULE,SE4496,4496
SEMBABULE,SE4373,4373
SEMBABULE,SE4649,4649
SEMBABULE,SE3802,3802
SEMBABULE,SE4579,4579
SEMBABULE,SE 2823,2823
SEMBABULE,SE3128,3128
SEMBABULE,SE4691,4691
SEMBABULE,SE4357,4357
SEMBABULE,SE3125,3125
SEMBABULE,SE 3131,3131
SEMBABULE,SE2466,2466
SEMBABULE,SE4326,4326
SEMBABULE,SE4576,4576
SEMBABULE,SE2468,2468
SEMBABULE,SE 4010,4010
SEMBABULE,SE3951,3951
SEMBABULE,SE2001,2001
SEMBABULE,SE 3027,3027
SEMBABULE,SE2886,2886
SEMBABULE,SE 3088,3088
SEMBABULE,SE3176,3176
SEMBABULE,SE3091,3091
SEMBABULE,SE481,481
SEMBABULE,SE 3661,3661
SEMBABULE,SE3837,3837
SEMBABULE,SE 2845,2845
SEMBABULE,SE2852,2852
SEMBABULE,SE 2930,2930
SEMBABULE,SE2837,2837
SEMBABULE,SE2726,2726
SEMBABULE,SE3055,3055
SEMBABULE,SE3051,3051
SEMBABULE,SE 2880,2880
SEMBABULE,SE 2660,2660
SEMBABULE,SE3010,3010
SEMBABULE,SE2943,2943
SEMBABULE,2961,2961
SEMBABULE,SE 2811,2811
SEMBABULE,SE2875,2875
SEMBABULE,SE 3024,3024
SEMBABULE,SE2888,2888
SEMBABULE,SE3255,3255
SEMBABULE,SE3087,3087
SEMBABULE,SE2999,2999
SEMBABULE,SE 3894,3894
SEMBABULE,SE3005,3005
SEMBABULE,SE2517,2517
SEMBABULE,SE2899,2899
SEMBABULE,MT3200,3200
SEMBABULE,SE2541,2541
SEMBABULE,SE2979,2979
SEMBABULE,SE2955,2955
SEMBABULE,SE3211,3211
SEMBABULE,SE 2810,2810
SEMBABULE,SE3089,3089
SEMBABULE,SE4460,4460
SEMBABULE,SE3139,3139
SEMBABULE,SE3274,3274
SEMBABULE,SE2977,2977
SEMBABULE,SE4553,4553
SEMBABULE,SE3180,3180
SEMBABULE,SE3219,3219
SEMBABULE,4298,4298
SEMBABULE,SE 2981,2981
SEMBABULE,SE3221,3221
SEMBABULE,SE2925,2925
SEMBABULE,SE4506,4506
SEMBABULE,SE4459,4459
SEMBABULE,SE4552,4552
SEMBABULE,SE3059,3059
SEMBABULE,SE4527,4527
SEMBABULE,SE 3784,3784
SEMBABULE,SE3936,3936
SEMBABULE,SE4438,4438
SEMBABULE,SE4465,4465
SEMBABULE,SE4418,4418
SEMBABULE,SE4037,4037
SEMBABULE,SE3120,3120
SEMBABULE,SE4404,4404
SEMBABULE,SE3121,3121
SEMBABULE,SE4446,4446
SEMBABULE,SE 3503,3503
SEMBABULE,SE4184,4184
SEMBABULE,SE2824,2824
SEMBABULE,SE2931,2931
SEMBABULE,SE2874,2874
SEMBABULE,SE 3043,3043
SEMBABULE,SE4303,4303
SEMBABULE,SE3113,3113
SEMBABULE,SE3061,3061
SEMBABULE,SE 3071,3071
SEMBABULE,SE3011,3011
SEMBABULE,SE3564,3564
SEMBABULE,SE4336,4336
SEMBABULE,SE3077,3077
SEMBABULE,SE 4390,4390
SEMBABULE,SE4186,4186
SEMBABULE,SE4428,4428
SEMBABULE,SE4415,4415
SEMBABULE,SE4412,4412
SEMBABULE,SE 3057,3057
SEMBABULE,SE4424,4424
SEMBABULE,SE4363,4363
SEMBABULE,SE2834,2834
SEMBABULE,SE4364,4364
SEMBABULE,SE4455,4455
SEMBABULE,SE4246,4246
SEMBABULE,SE4499,4499
SEMBABULE,SE4435,4435
SEMBABULE,SE 4285,4285
SEMBABULE,SE4362,4362
SEMBABULE,SE4468,4468
SEMBABULE,SE4339,4339
SEMBABULE,SE 4514,4514
SEMBABULE,SE4359,4359
SEMBABULE,SE4217,4217
SEMBABULE,SE4452,4452
SEMBABULE,SE4146,4146
SEMBABULE,SE4405,4405
SEMBABULE,SE 4442,4442
SEMBABULE,SE4226,4226
SEMBABULE,SE4432,4432
SEMBABULE,SE4247,4247
SEMBABULE,SE3234,3234
SEMBABULE,SE 4503,4503
SEMBABULE,SE4194,4194
SEMBABULE,SE3283,3283
SEMBABULE,SE4394,4394
SEMBABULE,SE4203,4203
SEMBABULE,SE 4516,4516
SEMBABULE,SE4199,4199
SEMBABULE,SE4140,4140
SEMBABULE,SE 4515,4515
SEMBABULE,SE4152,4152
SEMBABULE,SE4171,4171
SEMBABULE,SE4273,4273
SEMBABULE,SE3985,3985
SEMBABULE,SE4481,4481
SEMBABULE,SE 4494,4494
SEMBABULE,SE4142,4142
SEMBABULE,SE4112,4112
SEMBABULE,SE3220,3220
SEMBABULE,SE 2472,2472
SEMBABULE,SE4341,4341
SEMBABULE,SE4123,4123
SEMBABULE,SE3130,3130
SEMBABULE,SE4399,4399
SEMBABULE,SE4181,4181
SEMBABULE,SE 4353,4353
SEMBABULE,SE4192,4192
SEMBABULE,SE3878,3878
SEMBABULE,SE4328,4328
SEMBABULE,SE4345,4345
SEMBABULE,SE4266,4266
SEMBABULE,SE4188,4188
SEMBABULE,SE4286,4286
SEMBABULE,SE 3940,3940
SEMBABULE,SE4607,4607
SEMBABULE,SE3244,3244
SEMBABULE,SE2993,2993
SEMBABULE,SE4871,4871
SEMBABULE,SE2952,2952
SEMBABULE,SE2940,2940
SEMBABULE,SE3100,3100
SEMBABULE,SE2470,2470
SEMBABULE,SE 3268,3268
SEMBABULE,SE2855,2855
SEMBABULE,SE2891,2891
SEMBABULE,SE2887,2887
SEMBABULE,SE3994,3994
SEMBABULE,SE2964,2964
SEMBABULE,SE2805,2805
SEMBABULE,SE2990,2990
SEMBABULE,SE2893,2893
SEMBABULE,SE2956,2956
SEMBABULE,SE4870,4870
SEMBABULE,SE3161,3161
SEMBABULE,SE4874,4874
SEMBABULE,SE3248,3248
SEMBABULE,SE3054,3054
SEMBABULE,SE3396,3396
SEMBABULE,SE2345,2345
SEMBABULE,SE3478,3478
SEMBABULE,SE2904,2904
SEMBABULE,SE3231,3231
SEMBABULE,SE4877,4877
SEMBABULE,SE4879,4879
SEMBABULE,SE4878,4878
SEMBABULE,SE2884,2884
SEMBABULE,SE2926,2926
SEMBABULE,SE1198,1198
SEMBABULE,SE2962,2962
SEMBABULE,SE3358,3358
SEMBABULE,SE3735,3735
SEMBABULE,SE3154,3154
SEMBABULE,SE4884,4884
SEMBABULE,SE4883,4883
SEMBABULE,SE4837,4837
SEMBABULE,SE4886,4886
SEMBABULE,SE4885,4885
SEMBABULE,SE3065,3065
SEMBABULE,SE2920,2920
SEMBABULE,SE1174,1174
SEMBABULE,SE3706,3706
SEMBABULE,SE3013,3013
SEMBABULE,SE3082,3082
SEMBABULE,SE3080,3080
SEMBABULE,SE2868,2868
SEMBABULE,SE3350,3350
SEMBABULE,SE3740,3740
SEMBABULE,SE3040,3040
SEMBABULE,SE2936,2936
SEMBABULE,SE3327,3327
SEMBABULE,SE3750,3750
SEMBABULE,SE3118,3118
SEMBABULE,SE2836,2836
SEMBABULE,SE2878,2878
SEMBABULE,SE3158,3158
SEMBABULE,SE3348,3348
SEMBABULE,SE3050,3050
SEMBABULE,SE3159,3159
SEMBABULE,SE2882,2882
SEMBABULE,SE3798,3798
SEMBABULE,SE3395,3395
SEMBABULE,SE2942,2942
SEMBABULE,SE3755,3755
SEMBABULE,SE3347,3347
SEMBABULE,SE3742,3742
SEMBABULE,SE3374,3374
SEMBABULE,SE3721,3721
SEMBABULE,SE3758,3758
SEMBABULE,SE3797,3797
SEMBABULE,SE3392,3392
SEMBABULE,SE2901,2901
SEMBABULE,SE3117,3117
SEMBABULE,SE2945,2945
SEMBABULE,SE2978,2978
SEMBABULE,SE3476,3476
SEMBABULE,SE3759,3759
SEMBABULE,SE2853,2853
SEMBABULE,SE2073,2073
SEMBABULE,SE2877,2877
SEMBABULE,SE3181,3181
SEMBABULE,SE2867,2867
SEMBABULE,SE3008,3008
SEMBABULE,SE2944,2944
SEMBABULE,SE3102,3102
SEMBABULE,SE660,660
SEMBABULE,SE2907,2907
SEMBABULE,SE2914,2914
SEMBABULE,SE3143,3143
SEMBABULE,SE3073,3073
SEMBABULE,SE2859,2859
SEMBABULE,SE3367,3367
SEMBABULE,SE4894,4894
SEMBABULE,SE4896,4896
SEMBABULE,SE4892,4892
SEMBABULE,SE4893,4893
SEMBABULE,SE4898,4898
SEMBABULE,SE4901,4901
SEMBABULE,SE4900,4900
SEMBABULE,SE4902,4902
SEMBABULE,SE4899,4899
SEMBABULE,SE4882,4882
SEMBABULE,SE4880,4880
SEMBABULE,SE4910,4910
SEMBABULE,SE4911,4911
SEMBABULE,SE4889,4889
SEMBABULE,SE4915,4915
SEMBABULE,SE4914,4914
SEMBABULE,SE4913,4913
SEMBABULE,SE4897,4897
SEMBABULE,SE4917,4917
SEMBABULE,SE4919,4919
SEMBABULE,SE4918,4918
SEMBABULE,SE4923,4923
SEMBABULE,SE4453,4453
SEMBABULE,SE4875,4875
SEMBABULE,SE 4926,4926
SEMBABULE,SE4928,4928
SEMBABULE,SE4891,4891
SEMBABULE,SE4905,4905
SEMBABULE,SE4922,4922
SEMBABULE,SE4941,4941
SEMBABULE,SE4965,4965
SEMBABULE,SE4969,4969
SEMBABULE,SE4951,4951
SEMBABULE,SE4947,4947
SEMBABULE,SE4972,4972
SEMBABULE,SE4952,4952
SEMBABULE,SE4950,4950
SEMBABULE,SE4971,4971
SEMBABULE,SE4949,4949
SEMBABULE,SE4934,4934
SEMBABULE,SE4974,4974
SEMBABULE,SE4984,4984
SEMBABULE,SE4983,4983
SEMBABULE,SE4805,4805
SEMBABULE,SE4890,4890
SEMBABULE,SE4981,4981
SEMBABULE,SE4868,4868
SEMBABULE,SE4806,4806
SEMBABULE,SE4927,4927
SEMBABULE,SE4873,4873
SEMBABULE,SE4929,4929
SEMBABULE,SE4215,4215
SEMBABULE,SE5012,5012
SEMBABULE,SE4907,4907
SEMBABULE,SE4930,4930
SEMBABULE,SE5009,5009
SEMBABULE,SE5008,5008
SEMBABULE,SE5006,5006
SEMBABULE,SE4963,4963
SEMBABULE,SE5014,5014
SEMBABULE,SE5027,5027
SEMBABULE,SE5168,5168
SEMBABULE,SE5187,5187
SEMBABULE,SE5197,5197
SEMBABULE,5404,5404
SEMBABULE,SE5152,5152
SEMBABULE,SE5218,5218
SEMBABULE,SE5114,5114
SEMBABULE,SE5199,5199
SEMBABULE,SE5192,5192
SEMBABULE,SE5166,5166
SEMBABULE,SE5120,5120
SEMBABULE,SE5115,5115
SEMBABULE,SE5134,5134
SEMBABULE,SE5189,5189
SEMBABULE,SE5130,5130
SEMBABULE,SE5207,5207
SEMBABULE,SE5162,5162
SEMBABULE,SE5146,5146
SEMBABULE,SE5145,5145
SEMBABULE,SE5164,5164
SEMBABULE,SE5113,5113
SEMBABULE,SE5196,5196
SEMBABULE,SE5136,5136
SEMBABULE,SE5101,5101
SEMBABULE,SE5155,5155
SEMBABULE,SE5172,5172
SEMBABULE,SE5201,5201
SEMBABULE,SE5174,5174
SEMBABULE,SE5151,5151
SEMBABULE,SE5173,5173
SEMBABULE,SE5153,5153
SEMBABULE,SE5147,5147
SEMBABULE,SE5095,5095
SEMBABULE,SE5188,5188
SEMBABULE,SE5087,5087
SEMBABULE,SE5086,5086
SEMBABULE,SE5084,5084
SEMBABULE,SE5291,5291
SEMBABULE,SE5299,5299
SEMBABULE,SE5297,5297
SEMBABULE,SE5296,5296
SEMBABULE,SE5295,5295
SEMBABULE,SE5290,5290
SEMBABULE,SE5288,5288
SEMBABULE,SE5302,5302
SEMBABULE,SE5303,5303
SEMBABULE,SE5307,5307
SEMBABULE,SE5317,5317
SEMBABULE,SE5310,5310
SEMBABULE,SE5308,5308
SEMBABULE,SE5276,5276
SEMBABULE,SE5277,5277
SEMBABULE,SE5325,5325
SEMBABULE,SE5324,5324
SEMBABULE,SE5309,5309
SEMBABULE,SE5323,5323
SEMBABULE,SE5394,5394
SEMBABULE,SE5097,5097
SEMBABULE,SE5553,5553
SEMBABULE,SE5332,5332
SEMBABULE,SE5358,5358
SEMBABULE,SE5371,5371
SEMBABULE,SE5353,5353
SEMBABULE,SE5396,5396
SEMBABULE,SE5391,5391
SEMBABULE,SE5526,5526
SEMBABULE,SE5572,5572
SEMBABULE,SE5594,5594
SEMBABULE,SE5524,5524
SEMBABULE,SE5530,5530
SEMBABULE,SE5595,5595
SEMBABULE,SE5529,5529
SEMBABULE,SE5519,5519
SEMBABULE,SE5586,5586
SEMBABULE,5577,5577
SEMBABULE,5011,5011
SEMBABULE,5049,5049
SEMBABULE,6185,6185
SEMBABULE,6065,6065
SEMBABULE,6165,6165
SEMBABULE,6110,6110
SEMBABULE,6164,6164
SEMBABULE,6169,6169
SEMBABULE,6140,6140
SEMBABULE,6144,6144
SEMBABULE,5809,5809
SEMBABULE,6170,6170
SEMBABULE,6130,6130
SEMBABULE,6196,6196
SEMBABULE,6153,6153
SEMBABULE,6129,6129
SEMBABULE,6161,6161
SEMBABULE,6179,6179
SEMBABULE,6171,6171
SEMBABULE,6178,6178
SEMBABULE,6175,6175
SEMBABULE,6177,6177
SEMBABULE,6102,6102
SEMBABULE,6105,6105
SEMBABULE,6107,6107
SEMBABULE,6127,6127
SEMBABULE,6125,6125
SEMBABULE,6143,6143
SEMBABULE,6108,6108
SEMBABULE,6142,6142
SEMBABULE,6132,6132
SEMBABULE,6150,6150
SEMBABULE,6180,6180
SEMBABULE,6174,6174
SEMBABULE,6172,6172
SEMBABULE,6160,6160
SEMBABULE,6117,6117
SEMBABULE,6109,6109
SEMBABULE,6141,6141
SEMBABULE,6101,6101
SEMBABULE,6131,6131
SEMBABULE,SE6104,6104
SEMBABULE,6154,6154
SEMBABULE,6116,6116
SEMBABULE,6111,6111
SEMBABULE,6195,6195
SEMBABULE,6162,6162
SEMBABULE,6156,6156
SEMBABULE,6100,6100
SEMBABULE,6155,6155
SEMBABULE,6181,6181
SEMBABULE,6135,6135
SEMBABULE,6137,6137
SEMBABULE,6139,6139
SEMBABULE,6163,6163
SEMBABULE,6091,6091
SEMBABULE,6060,6060
SEMBABULE,6097,6097
SEMBABULE,SE-6000,6000
SEMBABULE,6027,6027
SEMBABULE,6010,6010
SEMBABULE,SE-6090,6090
SEMBABULE,6064,6064
SEMBABULE,SE-6043,6043
SEMBABULE,6086,6086
SEMBABULE,6096,6096
SEMBABULE,6018,6018
SEMBABULE,SE-6068,6068
SEMBABULE,6042,6042
SEMBABULE,6031,6031
SEMBABULE,SE6004,6004
SEMBABULE,6066,6066
SEMBABULE,6007,6007
SEMBABULE,6093,6093
SEMBABULE,6052,6052
SEMBABULE,6080,6080
SEMBABULE,6050,6050
SEMBABULE,6039,6039
SEMBABULE,6082,6082
SEMBABULE,SE-6092,6092
SEMBABULE,SE-6071,6071
SEMBABULE,6076,6076
SEMBABULE,6034,6034
SEMBABULE,SE-6075,6075
SEMBABULE,6058,6058
SEMBABULE,6005,6005
SEMBABULE,6037,6037
SEMBABULE,6063,6063
SEMBABULE,SE-6040,6040
SEMBABULE,6049,6049
SEMBABULE,6087,6087
SEMBABULE,6051,6051
SEMBABULE,SE-6020,6020
SEMBABULE,SE-6079,6079
SEMBABULE,6069,6069
SEMBABULE,SE-6055,6055
SEMBABULE,6085,6085
SEMBABULE,6047,6047
SEMBABULE,SE-6030,6030
SEMBABULE,6056,6056
SEMBABULE,6025,6025
SEMBABULE,SE-6029,6029
SEMBABULE,6019,6019
SEMBABULE,6095,6095
SEMBABULE,6084,6084
SEMBABULE,6067,6067
SEMBABULE,6022,6022
SEMBABULE,SE-6054,6054
SEMBABULE,SE-6200,6200
SEMBABULE,6046,6046
SEMBABULE,6009,6009
SEMBABULE,6078,6078
SEMBABULE,6036,6036
SEMBABULE,6077,6077
SEMBABULE,6088,6088
SEMBABULE,6026,6026
SEMBABULE,6146,6146
SEMBABULE,6126,6126
SEMBABULE,SE-6072,6072
SEMBABULE,SE-6048,6048
SEMBABULE,SE-6061,6061
SEMBABULE,6190,6190
SEMBABULE,6188,6188
SEMBABULE,6191,6191
SEMBABULE,SE-5917,5917
SEMBABULE,SE-5920,5920
SEMBABULE,5952,5952
SEMBABULE,5969,5969
SEMBABULE,SE-5965,5965
SEMBABULE,SE-5904,5904
SEMBABULE,5926,5926
SEMBABULE,5971,5971
SEMBABULE,SE-5913,5913
SEMBABULE,5911,5911
SEMBABULE,5907,5907
SEMBABULE,5957,5957
SEMBABULE,5985,5985
SEMBABULE,SE-5932,5932
SEMBABULE,5961,5961
SEMBABULE,5995,5995
SEMBABULE,5945,5945
SEMBABULE,5944,5944
SEMBABULE,5992,5992
SEMBABULE,5934,5934
SEMBABULE,5953,5953
SEMBABULE,5966,5966
SEMBABULE,5978,5978
SEMBABULE,5958,5958
SEMBABULE,5994,5994
SEMBABULE,SE-5948,5948
SEMBABULE,SE-5916,5916
SEMBABULE,SE-5951,5951
SEMBABULE,SE-5942,5942
SEMBABULE,5909,5909
SEMBABULE,SE-5918,5918
SEMBABULE,SE-5974,5974
SEMBABULE,SE-5921,5921
SEMBABULE,5976,5976
SEMBABULE,5962,5962
SEMBABULE,4259,4259
SEMBABULE,SE-5851,5851
SEMBABULE,SE-5873,5873
SEMBABULE,5881,5881
SEMBABULE,SE-5865,5865
SEMBABULE,5889,5889
SEMBABULE,SE-5882,5882
SEMBABULE,5877,5877
SEMBABULE,5847,5847
SEMBABULE,SE-5836,5836
SEMBABULE,5875,5875
SEMBABULE,5843,5843
SEMBABULE,SE-5899,5899
SEMBABULE,5834,5834
SEMBABULE,5798,5798
SEMBABULE,SE-5779,5779
SEMBABULE,5710,5710
SEMBABULE,SE-5781,5781
SEMBABULE,SE-5704,5704
SEMBABULE,5755,5755
SEMBABULE,5734,5734
SEMBABULE,SE-5796,5796
SEMBABULE,5722,5722
SEMBABULE,SE5760,5760
SEMBABULE,5794,5794
SEMBABULE,5751,5751
SEMBABULE,SE-5708,5708
SEMBABULE,5769,5769
SEMBABULE,5749,5749
SEMBABULE,5721,5721
SEMBABULE,SE-5777,5777
SEMBABULE,5705,5705
SEMBABULE,5766,5766
SEMBABULE,SE-5716,5716
SEMBABULE,SE-5730,5730
SEMBABULE,5671,5671
SEMBABULE,5634,5634
SEMBABULE,5625,5625
SEMBABULE,5603,5603
SEMBABULE,5690,5690
SEMBABULE,SE-5624,5624
SEMBABULE,5654,5654
SEMBABULE,SE-5653,5653
SEMBABULE,5600,5600
SEMBABULE,5685,5685
SEMBABULE,5630,5630
SEMBABULE,5602,5602
SEMBABULE,5674,5674
SEMBABULE,5636,5636
SEMBABULE,5670,5670
SEMBABULE,5621,5621
SEMBABULE,5644,5644
SEMBABULE,5610,5610
SEMBABULE,5664,5664
SEMBABULE,SE-5640,5640
SEMBABULE,SE-5696,5696
SEMBABULE,SE-5614,5614
SEMBABULE,SE-5615,5615
SEMBABULE,5515,5515
SEMBABULE,5570,5570
SEMBABULE,SE-5539,5539
SEMBABULE,5537,5537
SEMBABULE,5587,5587
SEMBABULE,5565,5565
SEMBABULE,5525,5525
SEMBABULE,5533,5533
SEMBABULE,5583,5583
SEMBABULE,5505,5505
SEMBABULE,5588,5588
SEMBABULE,5552,5552
SEMBABULE,5592,5592
SEMBABULE,5457,5457
SEMBABULE,5479,5479
SEMBABULE,5476,5476
SEMBABULE,5473,5473
SEMBABULE,5458,5458
SEMBABULE,5445,5445
SEMBABULE,5409,5409
SEMBABULE,5410,5410
SEMBABULE,5420,5420
SEMBABULE,5468,5468
SEMBABULE,5436,5436
SEMBABULE,5489,5489
SEMBABULE,5475,5475
SEMBABULE,5428,5428
SEMBABULE,5435,5435
SEMBABULE,5411,5411
SEMBABULE,5444,5444
SEMBABULE,5441,5441
SEMBABULE,5400,5400
SEMBABULE,5486,5486
SEMBABULE,5483,5483
SEMBABULE,5432,5432
SEMBABULE,5350,5350
SEMBABULE,5391,5391
SEMBABULE,5334,5334
SEMBABULE,5355,5355
SEMBABULE,5368,5368
SEMBABULE,5359,5359
SEMBABULE,5367,5367
SEMBABULE,5351,5351
SEMBABULE,5312,5312
SEMBABULE,5388,5388
SEMBABULE,5375,5375
SEMBABULE,5381,5381
SEMBABULE,5319,5319
SEMBABULE,5331,5331
SEMBABULE,5390,5390
SEMBABULE,5362,5362
SEMBABULE,5372,5372
SEMBABULE,5378,5378
SEMBABULE,5349,5349
SEMBABULE,5356,5356
SEMBABULE,5327,5327
SEMBABULE,5339,5339
SEMBABULE,5232,5232
SEMBABULE,5212,5212
SEMBABULE,5283,5283
SEMBABULE,5287,5287
SEMBABULE,5229,5229
SEMBABULE,5247,5247
SEMBABULE,5278,5278
SEMBABULE,5243,5243
SEMBABULE,5253,5253
SEMBABULE,5254,5254
SEMBABULE,5266,5266
SEMBABULE,5246,5246
SEMBABULE,5271,5271
SEMBABULE,5117,5117
SEMBABULE,5158,5158
SEMBABULE,5163,5163
SEMBABULE,5159,5159
SEMBABULE,5171,5171
SEMBABULE,5110,5110
SEMBABULE,5108,5108
SEMBABULE,5177,5177
SEMBABULE,5144,5144
SEMBABULE,5119,5119
SEMBABULE,5109,5109
SEMBABULE,5178,5178
SEMBABULE,5050,5050
SEMBABULE,5052,5052
SEMBABULE,5020,5020
SEMBABULE,5034,5034
SEMBABULE,5076,5076
SEMBABULE,5040,5040
SEMBABULE,5037,5037
SEMBABULE,5068,5068
SEMBABULE,SE-5042,5042
SEMBABULE,5065,5065
SEMBABULE,5098,5098
SEMBABULE,5067,5067
SEMBABULE,SE-5032,5032
SEMBABULE,5038,5038
SEMBABULE,SE-5071,5071
SEMBABULE,5096,5096
SEMBABULE,SE-4904,4904
SEMBABULE,4977,4977
SEMBABULE,4932,4932
SEMBABULE,4924,4924
SEMBABULE,4978,4978
SEMBABULE,4912,4912
SEMBABULE,4966,4966
SEMBABULE,4975,4975
SEMBABULE,4807,4807
SEMBABULE,4804,4804
SEMBABULE,6176,6176
SEMBABULE,4668,4668
SEMBABULE,6225,6225
SEMBABULE,6251,6251
SEMBABULE,SE-6224,6224
SEMBABULE,SE-6202,6202
SEMBABULE,6247,6247
SEMBABULE,6241,6241
SEMBABULE,6227,6227
SEMBABULE,6236,6236
SEMBABULE,6240,6240
SEMBABULE,6253,6253
SEMBABULE,SE-6230,6230
SEMBABULE,6238,6238
SEMBABULE,SE-6229,6229
SEMBABULE,6203,6203
SEMBABULE,6246,6246
SEMBABULE,6234,6234
SEMBABULE,6201,6201
SEMBABULE,6205,6205
SEMBABULE,SE-6222,6222
SEMBABULE,SE-6211,6211
SEMBABULE,SE-6223,6223
SEMBABULE,SE-6233,6233
SEMBABULE,SE-6231,6231
SEMBABULE,6254,6254
SEMBABULE,6248,6248
SEMBABULE,6243,6243
SEMBABULE,6249,6249
SEMBABULE,6257,6257
SEMBABULE,SE-6258,6258
SEMBABULE,6232,6232
SEMBABULE,SE-6256,6256
SEMBABULE,6255,6255
SEMBABULE,SE-6260,6260
SEMBABULE,6261,6261
SEMBABULE,4377,4377
SEMBABULE,6235,6235
SEMBABULE,6239,6239
SEMBABULE,6250,6250
SEMBABULE,6245,6245
SEMBABULE,6244,6244
SEMBABULE,6226,6226
SEMBABULE,6262,6262
SEMBABULE,4109,4109
SEMBABULE,4117,4117
SEMBABULE,4289,4289
SEMBABULE,4280,4280
SEMBABULE,5424,5424
SEMBABULE,5491,5491
SEMBABULE,2107,2107
SEMBABULE,5366,5366
SEMBABULE,SE-5810,5810
SEMBABULE,5750,5750
SEMBABULE,5801,5801
SEMBABULE,SE-6057,6057
SEMBABULE,6166,6166
SEMBABULE,5956,5956
SEMBABULE,SE-5849,5849
SEMBABULE,5341,5341
SEMBABULE,6158,6158
SEMBABULE,5635,5635
SEMBABULE,5230,5230
SEMBABULE,3916,3916
SEMBABULE,5460,5460
SEMBABULE,3718,3718
SEMBABULE,6221,6221
SEMBABULE,5567,5567
SEMBABULE,5148,5148
SEMBABULE,6147,6147
SEMBABULE,5348,5348
SEMBABULE,5649,5649
SEMBABULE,5543,5543
SEMBABULE,6099,6099
SEMBABULE,5895,5895
SEMBABULE,5759,5759
SEMBABULE,6212,6212
SEMBABULE,6183,6183
SEMBABULE,5707,5707
SEMBABULE,5617,5617
SEMBABULE,6259,6259
SEMBABULE,5589,5589
SEMBABULE,5998,5998
SEMBABULE,6098,6098
SEMBABULE,6041,6041
SEMBABULE,5559,5559
SEMBABULE,6197,6197
SEMBABULE,5463,5463
SEMBABULE,SE-6094,6094
SEMBABULE,5601,5601
SEMBABULE,6237,6237
SEMBABULE,SE-5960,5960
SEMBABULE,6134,6134
SEMBABULE,5470,5470
SEMBABULE,6204,6204
SEMBABULE,5289,5289
SEMBABULE,5562,5562
SEMBABULE,SE-5914,5914
SEMBABULE,SE-5923,5923
SEMBABULE,SE5771,5771
SEMBABULE,SE5853,5853
SEMBABULE,SE5680,5680
SEMBABULE,SE6215,6215
SEMBABULE,SE5430,5430
SEMBABULE,SE5527,5527
SEMBABULE,SE5795,5795
SEMBABULE,SE6220,6220
SEMBABULE,SE5336,5336
SEMBABULE,SE-5993,5993
SEMBABULE,6167,6167
SEMBABULE,SE6216,6216
SEMBABULE,6145,6145
SEMBABULE,6089,6089
SEMBABULE,6199,6199
SEMBABULE,5813,5813
SEMBABULE,6148,6148
SEMBABULE,SE-5689,5689
SEMBABULE,SE-5933,5933
SEMBABULE,SE-6213,6213
SEMBABULE,SE-6081,6081
SEMBABULE,5925,5925
SEMBABULE,6194,6194
SEMBABULE,5377,5377
SEMBABULE,6192,6192
SEMBABULE,3834,3834
SEMBABULE,5830,5830
SEMBABULE,SE-6252,6252
SEMBABULE,6242,6242
SEMBABULE,6228,6228
SEMBABULE,6263,6263
SEMBABULE,6273,6273
SEMBABULE,SE-6275,6275
SEMBABULE,SE-6272,6272
SEMBABULE,6271,6271
SEMBABULE,SE-6265,6265
SEMBABULE,6274,6274
SEMBABULE,6268,6268
SEMBABULE,6264,6264
SEMBABULE,SE-6266,6266
SEMBABULE,SE-6269,6269
SEMBABULE,6270,6270
SEMBABULE,SE-5983,5983
SEMBABULE,SE-6214,6214
SEMBABULE,4164,4164
SEMBABULE,SE-5802,5802
SEMBABULE,5861,5861
SEMBABULE,6267,6267
SEMBABULE,5774,5774
SEMBABULE,4948,4948
SEMBABULE,5099,5099
SEMBABULE,5051,5051
SEMBABULE,4925,4925
SEMBABULE,6290,6290
SEMBABULE,SE-6289,6289
SEMBABULE,6276,6276
SEMBABULE,6280,6280
SEMBABULE,5791,5791
SEMBABULE,SE-5975,5975
SEMBABULE,5522,5522
SEMBABULE,6288,6288
SEMBABULE,6291,6291
SEMBABULE,SE-6293,6293
SEMBABULE,SE-6294,6294
SEMBABULE,6286,6286
SEMBABULE,6285,6285
SEMBABULE,5780,5780
SEMBABULE,SE-5816,5816
SEMBABULE,6133,6133
SEMBABULE,6297,6297
SEMBABULE,5573,5573
SEMBABULE,5010,5010
SEMBABULE,6282,6282
SEMBABULE,5833,5833
SEMBABULE,5842,5842
SEMBABULE,5946,5946
SEMBABULE,6284,6284
SEMBABULE,6184,6184
SEMBABULE,SE-5981,5981
SEMBABULE,6138,6138
SEMBABULE,SE-5800,5800
SEMBABULE,1841,1841
SEMBABULE,SE-5782,5782
SEMBABULE,5845,5845
SEMBABULE,6308,6308
SEMBABULE,6307,6307
SEMBABULE,5160,5160
SEMBABULE,5738,5738
SEMBABULE,5731,5731
SEMBABULE,6044,6044
SEMBABULE,SE-5839,5839
SEMBABULE,SE-5758,5758
SEMBABULE,5124,5124
SEMBABULE,6306,6306
SEMBABULE,6305,6305
SEMBABULE,6317,6317
SEMBABULE,SE-6313,6313
SEMBABULE,5840,5840
SEMBABULE,SE-5764,5764
SEMBABULE,6303,6303
SEMBABULE,SE-6316,6316
SEMBABULE,6310,6310
SEMBABULE,SE-6300,6300
SEMBABULE,SE-6287,6287
SEMBABULE,SE-5700,5700
SEMBABULE,5786,5786
SEMBABULE,5245,5245
SEMBABULE,5069,5069
SEMBABULE,SE6106,6106
SEMBABULE,5811,5811
SEMBABULE,5180,5180
SEMBABULE,5352,5352
SEMBABULE,5661,5661
SEMBABULE,SE 5990,5990
SEMBABULE,5678,5678
SEMBABULE,6302,6302
SEMBABULE,5687,5687
SEMBABULE,5835,5835
SEMBABULE,5414,5414
SEMBABULE,6292,6292
SEMBABULE,SE-5083,5083
SEMBABULE,5421,5421
SEMBABULE,6128,6128
SEMBABULE,6319,6319
SEMBABULE,6320,6320
SEMBABULE,5754,5754
SEMBABULE,5106,5106
SEMBABULE,4209,4209
SEMBABULE,SE-5852,5852
SEMBABULE,5903,5903
SEMBABULE,SE-6209,6209
SEMBABULE,4933,4933
SEMBABULE,5399,5399
SEMBABULE,6309,6309
SEMBABULE,5868,5868
SEMBABULE,SE-6295,6295
SEMBABULE,5997,5997
SEMBABULE,5548,5548
SEMBABULE,6217,6217
SEMBABULE,5534,5534
SEMBABULE,5706,5706
SEMBABULE,6277,6277
SEMBABULE,6193,6193
SEMBABULE,6278,6278
SEMBABULE,6328,6328
SEMBABULE,SE-6321,6321
SEMBABULE,6318,6318
SEMBABULE,6322,6322
SEMBABULE,6312,6312
SEMBABULE,SE-5848,5848
SEMBABULE,6296,6296
SEMBABULE,5772,5772
SEMBABULE,6062,6062
SEMBABULE,6149,6149
SEMBABULE,5376,5376
SEMBABULE,6330,6330
SEMBABULE,6331,6331
SEMBABULE,SE 6332,6332
SEMBABULE,SE 6292,6292
SEMBABULE,SE 6013,6013
SEMBABULE,SE 5244,5244
SEMBABULE,SE 5478,5478
SEMBABULE,5111,5111
SEMBABULE,5282,5282
SEMBABULE,6311,6311
SEMBABULE,6329,6329
SEMBABULE,5036,5036
SEMBABULE,5949,5949
SEMBABULE,5841,5841
SEMBABULE,5293,5293
SEMBABULE,5931,5931
SEMBABULE,SE-5703,5703
SEMBABULE,5606,5606
SEMBABULE,6014,6014
SEMBABULE,5864,5864
SEMBABULE,6074,6074
SEMBABULE,5380,5380
SEMBABULE,5867,5867
SEMBABULE,5668,5668
SEMBABULE,5459,5459
SEMBABULE,5666,5666
SEMBABULE,5504,5504
SEMBABULE,5936,5936
SEMBABULE,6059,6059
SEMBABULE,5431,5431
SEMBABULE,6218,6218
SEMBABULE,5747,5747
SEMBABULE,5711,5711
SEMBABULE,5281,5281
SEMBABULE,5497,5497
SEMBABULE,5306,5306
SEMBABULE,5217,5217
SEMBABULE,5154,5154
SEMBABULE,4936,4936
SEMBABULE,5665,5665
SEMBABULE,5467,5467
SEMBABULE,5967,5967
SEMBABULE,5838,5838
SEMBABULE,5679,5679
SEMBABULE,6016,6016
SEMBABULE,6008,6008
SEMBABULE,5715,5715
SEMBABULE,5043,5043
SEMBABULE,5702,5702
SEMBABULE,6070,6070
SEMBABULE,5906,5906
SEMBABULE,5745,5745
SEMBABULE,6152,6152
SEMBABULE,5564,5564
SEMBABULE,5251,5251
SEMBABULE,5365,5365
SEMBABULE,5274,5274
SEMBABULE,5773,5773
SEMBABULE,SE-5720,5720
SEMBABULE,5919,5919
SEMBABULE,6157,6157
SEMBABULE,5939,5939
SEMBABULE,5723,5723
SEMBABULE,5757,5757
SEMBABULE,5713,5713
SEMBABULE,5544,5544
SEMBABULE,5821,5821
SEMBABULE,5937,5937
SEMBABULE,5803,5803
SEMBABULE,6012,6012
SEMBABULE,5422,5422
SEMBABULE,5374,5374
SEMBABULE,5912,5912
SEMBABULE,5516,5516
SEMBABULE,5471,5471
SEMBABULE,5891,5891
SEMBABULE,6045,6045
SEMBABULE,5662,5662
SEMBABULE,5123,5123
SEMBABULE,6352,6352
SEMBABULE,6353,6353
SEMBABULE,6354,6354
SEMBABULE,6351,6351
SEMBABULE,6356,6356
SEMBABULE,5175,5175
SEMBABULE,6357,6357
SEMBABULE,6360,6360
SEMBABULE,6359,6359
SEMBABULE,6358,6358
SEMBABULE,6314,6314
SEMBABULE,6350,6350
SEMBABULE,3631,3631
SEMBABULE,3688,3688
SEMBABULE,3691,3691
SEMBABULE,3705,3705
SEMBABULE,3736,3736
SEMBABULE,6367,6367
SEMBABULE,5789,5789
SEMBABULE,SE-5858,5858
SEMBABULE,6333,6333
SEMBABULE,6341,6341
SEMBABULE,SE-6342,6342
SEMBABULE,SE-6340,6340
SEMBABULE,6349,6349
SEMBABULE,6369,6369
SEMBABULE,3171,3171
SEMBABULE,3768,3768
SEMBABULE,3911,3911
SEMBABULE,3919,3919
SEMBABULE,3924,3924
SEMBABULE,3979,3979
SEMBABULE,6371,6371
SEMBABULE,5143,5143
SEMBABULE,6374,6374
SEMBABULE,6338,6338
SEMBABULE,6343,6343
SEMBABULE,6377,6377
SEMBABULE,6378,6378
SEMBABULE,SE-6364,6364
SEMBABULE,5638,5638
SEMBABULE,5597,5597
SEMBABULE,5637,5637
SEMBABULE,5611,5611
SEMBABULE,5029,5029
SEMBABULE,5972,5972
SEMBABULE,6366,6366
SEMBABULE,5986,5986
SEMBABULE,SE-6298,6298
SEMBABULE,6380,6380
SEMBABULE,6365,6365
SEMBABULE,5512,5512
SEMBABULE,6361,6361
SEMBABULE,6362,6362
SEMBABULE,6363,6363
SEMBABULE,6355,6355
SEMBABULE,6326,6326
SEMBABULE,5364,5364
SEMBABULE,5829,5829
SEMBABULE,6382,6382
SEMBABULE,5354,5354
SEMBABULE,5866,5866
SEMBABULE,6410,6410
SEMBABULE,6398,6398
SEMBABULE,6422,6422
SEMBABULE,5655,5655
SEMBABULE,6449,6449
SEMBABULE,6409,6409
SEMBABULE,6447,6447
SEMBABULE,6388,6388
SEMBABULE,6439,6439
SEMBABULE,6385,6385
SEMBABULE,5871,5871
SEMBABULE,1394,1394
SEMBABULE,6437,6437
SEMBABULE,6454,6454
SEMBABULE,6411,6411
SEMBABULE,6420,6420
SEMBABULE,6432,6432
SEMBABULE,6431,6431
SEMBABULE,6407,6407
SEMBABULE,6426,6426
SEMBABULE,5726,5726
SEMBABULE,6425,6425
SEMBABULE,5822,5822
SEMBABULE,5733,5733
SEMBABULE,6315,6315
SEMBABULE,SE-6003,6003
SEMBABULE,5590,5590
SEMBABULE,6440,6440
SEMBABULE,6434,6434
SEMBABULE,6463,6463
SEMBABULE,3237,3237
SEMBABULE,6405,6405
SEMBABULE,6381,6381
SEMBABULE,6208,6208
SEMBABULE,6484,6484
SEMBABULE,6483,6483
SEMBABULE,6433,6433
SEMBABULE,6485,6485
SEMBABULE,5712,5712
SEMBABULE,4944,4944
SEMBABULE,6464,6464
SEMBABULE,6186,6186
SEMBABULE,5897,5897
SEMBABULE,6375,6375
SEMBABULE,SE-6379,6379
SEMBABULE,SE-5947,5947
SEMBABULE,6301,6301
SEMBABULE,6187,6187
SEMBABULE,6372,6372
SEMBABULE,SE-5928,5928
SEMBABULE,6471,6471
SEMBABULE,6453,6453
SEMBABULE,6469,6469
SEMBABULE,6472,6472
SEMBABULE,6481,6481
SEMBABULE,6467,6467
SEMBABULE,6468,6468
SEMBABULE,6482,6482
SEMBABULE,6455,6455
SEMBABULE,3093,3093
SEMBABULE,6493,6493
SEMBABULE,4961,4961
SEMBABULE,4888,4888
SEMBABULE,5088,5088
SEMBABULE,6443,6443
SEMBABULE,6507,6507
SEMBABULE,6509,6509
SEMBABULE,6429,6429
SEMBABULE,6502,6502
SEMBABULE,SE-6339,6339
SEMBABULE,6423,6423
SEMBABULE,SE06503,6503
SEMBABULE,4980,4980
SEMBABULE,5753,5753
SEMBABULE,4031,4031
SEMBABULE,SE-6508,6508
SEMBABULE,6510,6510
SEMBABULE,6528,6528
SEMBABULE,SE-6534,6534
SEMBABULE,6563,6563
SEMBABULE,SE-6531,6531
SEMBABULE,6436,6436
SEMBABULE,6489,6489
SEMBABULE,6442,6442
SEMBABULE,6451,6451
SEMBABULE,SE06418,6418
SEMBABULE,6535,6535
SEMBABULE,6450,6450
SEMBABULE,6435,6435
SEMBABULE,6487,6487
SEMBABULE,6501,6501
SEMBABULE,6517,6517
SEMBABULE,6538,6538
SEMBABULE,6430,6430
SEMBABULE,6419,6419
SEMBABULE,6523,6523
SEMBABULE,6491,6491
SEMBABULE,6527,6527
SEMBABULE,6537,6537
SEMBABULE,6480,6480
SEMBABULE,6553,6553
SEMBABULE,6421,6421
SEMBABULE,6417,6417
SEMBABULE,6498,6498
SEMBABULE,6428,6428
SEMBABULE,6529,6529
SEMBABULE,6438,6438
SEMBABULE,6533,6533
SEMBABULE,6446,6446
SEMBABULE,6492,6492
SEMBABULE,6499,6499
SEMBABULE,6505,6505
SEMBABULE,SE-6511,6511
SEMBABULE,6478,6478
SEMBABULE,6477,6477
SEMBABULE,6476,6476
SEMBABULE,6473,6473
SEMBABULE,6474,6474
SEMBABULE,6475,6475
SEMBABULE,6564,6564
SEMBABULE,SE-6520,6520
SEMBABULE,SE-6514,6514
SEMBABULE,6539,6539
SEMBABULE,6416,6416
SEMBABULE,6552,6552
SEMBABULE,6424,6424
SEMBABULE,6561,6561
SEMBABULE,6566,6566
SEMBABULE,6562,6562
SEMBABULE,6532,6532
SEMBABULE,SE-6557,6557
SEMBABULE,6558,6558
SEMBABULE,SE-6568,6568
SEMBABULE,6551,6551
SEMBABULE,6565,6565
SEMBABULE,SE-6555,6555
SEMBABULE,6544,6544
SEMBABULE,6547,6547
SEMBABULE,6569,6569
SEMBABULE,6570,6570
SEMBABULE,6549,6549
SEMBABULE,6571,6571
SEMBABULE,SE5878,5878
SEMBABULE,SE-6548,6548
SEMBABULE,SE-6513,6513
SEMBABULE,SE-6512,6512
SEMBABULE,6394,6394
SEMBABULE,5105,5105
SEMBABULE,6573,6573
SEMBABULE,6579,6579
SEMBABULE,SE6189,6189
SEMBABULE,5735,5735
SEMBABULE,6580,6580
SEMBABULE,6335,6335
SEMBABULE,6403,6403
SEMBABULE,SE-6346,6346
SEMBABULE,6370,6370
SEMBABULE,SE-5999,5999
SEMBABULE,6168,6168
SEMBABULE,5785,5785
SEMBABULE,6304,6304
SEMBABULE,6345,6345
SEMBABULE,6530,6530
SEMBABULE,SE-6325,6325
SEMBABULE,6401,6401
SEMBABULE,6554,6554
SEMBABULE,6488,6488
SEMBABULE,6567,6567
SEMBABULE,6119,6119
SEMBABULE,6406,6406
SEMBABULE,6389,6389
SEMBABULE,6279,6279
SEMBABULE,6386,6386
SEMBABULE,6390,6390
SEMBABULE,6543,6543
SEMBABULE,6559,6559
SEMBABULE,6585,6585
SEMBABULE,SE-6584,6584
SEMBABULE,6581,6581
SEMBABULE,6600,6600
SEMBABULE,6604,6604
SEMBABULE,6606,6606
SEMBABULE,6598,6598
SEMBABULE,6595,6595
SEMBABULE,6596,6596
SEMBABULE,6589,6589
SEMBABULE,6597,6597
SEMBABULE,SE-6594,6594
SEMBABULE,6590,6590
SEMBABULE,SE-6574,6574
SEMBABULE,6575,6575
SEMBABULE,6578,6578
SEMBABULE,6587,6587
SEMBABULE,6599,6599
SEMBABULE,6605,6605
SEMBABULE,6607,6607
SEMBABULE,6608,6608
SEMBABULE,6636,6636
SEMBABULE,6629,6629
SEMBABULE,6625,6625
SEMBABULE,6642,6642
SEMBABULE,6617,6617
SEMBABULE,6626,6626
SEMBABULE,SE-6619,6619
SEMBABULE,6641,6641
SEMBABULE,6577,6577
SEMBABULE,6560,6560
SEMBABULE,6620,6620
SEMBABULE,6542,6542
SEMBABULE,6627,6627
SEMBABULE,4903,4903
SEMBABULE,6632,6632
SEMBABULE,6635,6635
SEMBABULE,6640,6640
SEMBABULE,SE-6613,6613
SEMBABULE,6615,6615
SEMBABULE,6616,6616
SEMBABULE,6618,6618
SEMBABULE,6621,6621
SEMBABULE,6622,6622
SEMBABULE,6623,6623
SEMBABULE,5387,5387
SEMBABULE,6494,6494
SEMBABULE,6546,6546
SEMBABULE,SE-6645,6645
SEMBABULE,SE-6628,6628
SEMBABULE,6591,6591
SEMBABULE,6612,6612
SEMBABULE,6495,6495
SEMBABULE,6649,6649
SEMBABULE,SE-6647,6647
SEMBABULE,6572,6572
SEMBABULE,SE-6519,6519
SEMBABULE,6651,6651
SEMBABULE,6593,6593
SEMBABULE,SE-5890,5890
SEMBABULE,6024,6024
SEMBABULE,6611,6611
SEMBABULE,SE-6658,6658
SEMBABULE,SE-6672,6672
SEMBABULE,6648,6648
SEMBABULE,SE-5018,5018
SEMBABULE,6644,6644
SEMBABULE,SE-6660,6660
SEMBABULE,6601,6601
SEMBABULE,6404,6404
SEMBABULE,6671,6671
SEMBABULE,SE-6017,6017
SEMBABULE,6646,6646
SEMBABULE,6602,6602
SEMBABULE,6666,6666
SEMBABULE,6677,6677
SEMBABULE,6690,6690
SEMBABULE,3782,3782
SEMBABULE,6676,6676
SEMBABULE,6634,6634
SEMBABULE,6609,6609
SEMBABULE,6678,6678
SEMBABULE,6654,6654
SEMBABULE,6667,6667
SEMBABULE,6633,6633
SEMBABULE,SE 6652,6652
SEMBABULE,SE07000,7000
SEMBABULE,SE:7007,7007
SEMBABULE,SE6915,6915
SEMBABULE,SE-7008,7008
SEMBABULE,SE07001,7001
SEMBABULE,SE-7034,7034
SEMBABULE,SE7010,7010
SEMBABULE,SE-7024,7024
SEMBABULE,SE-7006,7006
SEMBABULE,SE-7039,7039
SEMBABULE,SE-7040,7040
SEMBABULE,SE-7049,7049
SEMBABULE,SE7003,7003
SEMBABULE,SE-7028,7028
SEMBABULE,SE-7002,7002
SEMBABULE,SE-7023,7023
SEMBABULE,SE-7045,7045
SEMBABULE,SE-7046,7046
SEMBABULE,SE-7054,7054
SEMBABULE,SE-7022,7022
SEMBABULE,SE-7026,7026
SEMBABULE,SE-7025,7025
SEMBABULE,SE-6917,6917
SEMBABULE,SE-6982,6982
SEMBABULE,SE7050,7050
SEMBABULE,SE7044,7044
SEMBABULE,SE7053,7053
SEMBABULE,SE7030,7030
SEMBABULE,SE-6747,6747
SEMBABULE,SE-7037,7037
SEMBABULE,SE-6743,6743
SEMBABULE,SE7042,7042
SEMBABULE,SE-7043,7043
SEMBABULE,SE-7029,7029
SEMBABULE,6702,6702
SEMBABULE,SE-7038,7038
SEMBABULE,7035,7035
SEMBABULE,SE-7032,7032
SEMBABULE,SE-6769,6769
SEMBABULE,SE-7047,7047
SEMBABULE,SE-6786,6786
SEMBABULE,6981,6981
SEMBABULE,SE-7019,7019
SEMBABULE,SE-7056,7056
SEMBABULE,SE-7052,7052
SEMBABULE,SE-6767,6767
SEMBABULE,SE-6725,6725
SEMBABULE,SE-6922,6922
SEMBABULE,SE-6932,6932
SEMBABULE,SE-6738,6738
SEMBABULE,SE-6928,6928
SEMBABULE,SE-6732,6732
SEMBABULE,SE-6921,6921
SEMBABULE,SE-6763,6763
SEMBABULE,SE-6949,6949
SEMBABULE,SE-6741,6741
SEMBABULE,SE-6724,6724
SEMBABULE,SE-6759,6759
SEMBABULE,SE-6706,6706
SEMBABULE,SE-6705,6705
SEMBABULE,SE-6748,6748
SEMBABULE,SE-6778,6778
SEMBABULE,SE-6707,6707
SEMBABULE,SE-6910,6910
SEMBABULE,SE-6972,6972
SEMBABULE,SE-6700,6700
SEMBABULE,SE-6985,6985
SEMBABULE,SE-6710,6710
SEMBABULE,SE-6750,6750
SEMBABULE,6708,6708
SEMBABULE,SE-6780,6780
SEMBABULE,SE-6783,6783
SEMBABULE,SE-6659,6659
SEMBABULE,SE-6712,6712
SEMBABULE,SE-6781,6781
SEMBABULE,SE-6679,6679
SEMBABULE,SE-6669,6669
SEMBABULE,SE-6670,6670
SEMBABULE,SE-6694,6694
SEMBABULE,SE-6675,6675
SEMBABULE,SE-6685,6685
SEMBABULE,SE-6696,6696
SEMBABULE,SE-6689,6689
SEMBABULE,SE-6684,6684
SEMBABULE,SE-6680,6680
SEMBABULE,SE-6650,6650
SEMBABULE,SE-6697,6697
SEMBABULE,SE-6656,6656
SEMBABULE,SE-6876,6876
SEMBABULE,SE-6777,6777
SEMBABULE,SE-6681,6681
SEMBABULE,SE-6470,6470
SEMBABULE,SE-6801,6801
SEMBABULE,6975,6975
SEMBABULE,6962,6962
SEMBABULE,6984,6984
SEMBABULE,6994,6994
SEMBABULE,6968,6968
SEMBABULE,6951,6951
SEMBABULE,6995,6995
SEMBABULE,6965,6965
SEMBABULE,6925,6925
SEMBABULE,6946,6946
SEMBABULE,6920,6920
SEMBABULE,6907,6907
SEMBABULE,6911,6911
SEMBABULE,6966,6966
SEMBABULE,6929,6929
SEMBABULE,6912,6912
SEMBABULE,6964,6964
SEMBABULE,6969,6969
SEMBABULE,6963,6963
SEMBABULE,SE-6582,6582
SEMBABULE,SE-6934,6934
SEMBABULE,SE-6908,6908
SEMBABULE,SE-6988,6988
SEMBABULE,SE-6989,6989
SEMBABULE,SE-6996,6996
SEMBABULE,SE-6961,6961
SEMBABULE,SE-6545,6545
SEMBABULE,SE-6892,6892
SEMBABULE,SE--6887,6887
SEMBABULE,SE-6813,6813
SEMBABULE,SE-6855,6855
SEMBABULE,SE-6808,6808
SEMBABULE,SE-6843,6843
SEMBABULE,SE-6839,6839
SEMBABULE,SE-6825,6825
SEMBABULE,SE-6826,6826
SEMBABULE,SE-6832,6832
SEMBABULE,SE-6824,6824
SEMBABULE,SE-6852,6852
SEMBABULE,SE-6831,6831
SEMBABULE,SE-6829,6829
SEMBABULE,SE-6857,6857
SEMBABULE,SE-6821,6821
SEMBABULE,SE-6830,6830
SEMBABULE,SE-5765,5765
SEMBABULE,SE-6805,6805
SEMBABULE,SE-7066,7066
SEMBABULE,SE-6811,6811
SEMBABULE,6950,6950
SEMBABULE,SE-6856,6856
SEMBABULE,SE-6891,6891
SEMBABULE,6997,6997
SEMBABULE,6775,6775
SEMBABULE,SE-6878,6878
SEMBABULE,SE-6834,6834
SEMBABULE,SE-6872,6872
SEMBABULE,SE-6899,6899
SEMBABULE,6752,6752
SEMBABULE,SE-6833,6833
SEMBABULE,6770,6770
SEMBABULE,SE-6897,6897
SEMBABULE,6740,6740
SEMBABULE,SE-6877,6877
SEMBABULE,6745,6745
SEMBABULE,SE-6828,6828
SEMBABULE,6746,6746
SEMBABULE,SE-6807,6807
SEMBABULE,SE-6880,6880
SEMBABULE,SE-6810,6810
SEMBABULE,SE-6865,6865
SEMBABULE,SE-6866,6866
SEMBABULE,SE6441,6441
SEMBABULE,SE-6853,6853
SEMBABULE,SE-7027,7027
SEMBABULE,se-7031,7031
SEMBABULE,SE-7041,7041
SEMBABULE,SE-7057,7057
SEMBABULE,SE-6868,6868
SEMBABULE,SE-7063,7063
SEMBABULE,SE-7064,7064
SEMBABULE,SE-6903,6903
SEMBABULE,SE-6906,6906
SEMBABULE,SE:6971,6971
SEMBABULE,SE-5989,5989
SEMBABULE,SE:6959,6959
SEMBABULE,SE:4771,4771
SEMBABULE,SE:6923,6923
SEMBABULE,SE-6913,6913
SEMBABULE,SE:6970,6970
SEMBABULE,SE-6924,6924
SEMBABULE,SE-6927,6927
SEMBABULE,SE-6930,6930
SEMBABULE,SE-6938,6938
SEMBABULE,se-6952,6952
SEMBABULE,SE6657,6657
SEMBABULE,SE:6303,6303
SEMBABULE,SE:7033,7033
SEMBABULE,SE:6526,6526
SEMBABULE,SE:6717,6717
SEMBABULE,SE:6863,6863
SEMBABULE,SE-5898,5898
SEMBABULE,SE:6842,6842
SEMBABULE,SE-5645,5645
SEMBABULE,SE-5761,5761
SEMBABULE,SE-5746,5746
SEMBABULE,SE-5545,5545
SEMBABULE,SE-5540,5540
SEMBABULE,SE-5513,5513
SEMBABULE,SE-5582,5582
SEMBABULE,SE:5477,5477
SEMBABULE,SE:5434,5434
SEMBABULE,SE-5255,5255
SEMBABULE,SE-6779,6779
SEMBABULE,SE-6757,6757
SEMBABULE,SE-6760,6760
SEMBABULE,SE-6774,6774
SEMBABULE,SE-6785,6785
SEMBABULE,SE-6784,6784
SEMBABULE,SE-6788,6788
SEMBABULE,SE-6790,6790
SEMBABULE,SE-6795,6795
SEMBABULE,SE-6797,6797
SEMBABULE,SE-6799,6799
SEMBABULE,SE-6815,6815
SEMBABULE,SE-6804,6804
SEMBABULE,SE-6809,6809
SEMBABULE,SE-6816,6816
SEMBABULE,SE-6817,6817
SEMBABULE,SE-6836,6836
SEMBABULE,SE-6838,6838
SEMBABULE,SE-6837,6837
SEMBABULE,SE-6840,6840
SEMBABULE,SE-6841,6841
SEMBABULE,SE-6848,6848
SEMBABULE,SE-6851,6851
SEMBABULE,SE-6850,6850
SEMBABULE,SE-6858,6858
SEMBABULE,SE-6867,6867
SEMBABULE,SE-6875,6875
SEMBABULE,SE-6890,6890
SEMBABULE,SE-6894,6894
SEMBABULE,SE-6895,6895
SEMBABULE,SE-4351,4351
SEMBABULE,SE:6846,6846
SEMBABULE,SE:6504,6504
SEMBABULE,SE-7077,7077
SEMBABULE,SE-7079,7079
SEMBABULE,SE-7082,7082
SEMBABULE,SE-7084,7084
SEMBABULE,SE:6730,6730
SEMBABULE,SE-6967,6967
SEMBABULE,SE-6974,6974
SEMBABULE,SE-6976,6976
SEMBABULE,SE-6978,6978
SEMBABULE,SE-6983,6983
SEMBABULE,SE-6986,6986
SEMBABULE,7058,7058
SEMBABULE,SE:7083,7083
SEMBABULE,7085,7085
SEMBABULE,SE:7086,7086
SEMBABULE,SE:6735,6735
SEMBABULE,SE-6711,6711
SEMBABULE,SE-7088,7088
SEMBABULE,SE-7087,7087
SEMBABULE,SE-6987,6987
SEMBABULE,SE:6883,6883
SEMBABULE,SE:3346,3346
SEMBABULE,SE:7081,7081
SEMBABULE,SE-7060,7060
SEMBABULE,SE-7061,7061
SEMBABULE,SE:6914,6914
SEMBABULE,SE:6935,6935
SEMBABULE,SE-6698,6698
SEMBABULE,SE-6701,6701
SEMBABULE,SE-7067,7067
SEMBABULE,SE-6674,6674
SEMBABULE,SE-5035,5035
SEMBABULE,SE:7005,7005
SEMBABULE,SE:6936,6936
SEMBABULE,SE:6979,6979
SEMBABULE,SE:6703,6703
SEMBABULE,SE:6213,6213
SEMBABULE,SE-6462,6462
SEMBABULE,SE-6496,6496
SEMBABULE,SE-6518,6518
SEMBABULE,SE-6583,6583
SEMBABULE,SE-6592,6592
SEMBABULE,SE:5129,5129
SEMBABULE,SE:5819,5819
SEMBABULE,SE-6960,6960
SEMBABULE,SE-6998,6998
SEMBABULE,SE-6990,6990
SEMBABULE,SE:4956,4956
SEMBABULE,SE-6931,6931
SEMBABULE,SE-6992,6992
SEMBABULE,SE-6902,6902
SEMBABULE,SE:5382,5382
SEMBABULE,SE:5817,5817
SEMBABULE,SE-6845,6845
SEMBABULE,SE-6479,6479
SEMBABULE,SE-6387,6387
SEMBABULE,SE-6714,6714
SEMBABULE,SE-6859,6859
SEMBABULE,SE-7092,7092
SEMBABULE,SE-6395,6395
SEMBABULE,SE-6120,6120
SEMBABULE,SE-6412,6412
SEMBABULE,SE-6136,6136
SEMBABULE,SE-6021,6021
SEMBABULE,SE-6869,6869
SEMBABULE,SE-90,90
SEMBABULE,SE-6943,6943
SEMBABULE,SE-6723,6723
SEMBABULE,SE-7080,7080
SEMBABULE,SE-7090,7090
SEMBABULE,SE-7093,7093
SEMBABULE,SE-7094,7094
SEMBABULE,SE-7096,7096
SEMBABULE,SE-7101,7101
SEMBABULE,SE-7102,7102
SEMBABULE,SE-7103,7103
SEMBABULE,SE-7089,7089
SEMBABULE,SE-7011,7011
SEMBABULE,SE 6704,6704
SEMBABULE,SE-7051,7051
SEMBABULE,SE-6919,6919
SEMBABULE,SE 6744,6744
SEMBABULE,SE-6639,6639
SEMBABULE,SE-6754,6754
SEMBABULE,SE-6751,6751
SEMBABULE,SE-5612,5612
SEMBABULE,SE-6506,6506
SEMBABULE,SE-5752,5752
SEMBABULE,SE 6334,6334
SEMBABULE,SE 6281,6281
SEMBABULE,SE 6884,6884
SEMBABULE,SE 6820,6820
SEMBABULE,SE 7059,7059
SEMBABULE,SE 6749,6749
SEMBABULE,SE-7071,7071
SEMBABULE,SE-6900,6900
SEMBABULE,SE-6980,6980
SEMBABULE,SE-6905,6905
SEMBABULE,SE-6756,6756
SEMBABULE,SE-6800,6800
SEMBABULE,SE-6904,6904
SEMBABULE,SE-7013,7013
SEMBABULE,SE-6695,6695
SEMBABULE,SE-7009,7009
SEMBABULE,SE-7107,7107
SEMBABULE,SE-6782,6782
SEMBABULE,SE-7091,7091
SEMBABULE,SE-7078,7078
SEMBABULE,SE-7105,7105
SEMBABULE,SE-6889,6889
SEMBABULE,SE-6773,6773
SEMBABULE,SE-6637,6637
SEMBABULE,SE-6655,6655
SEMBABULE,SE-6739,6739
SEMBABULE,SE-7100,7100
SEMBABULE,SE-7108,7108
SEMBABULE,SE-6926,6926
SEMBABULE,SE-6901,6901
SEMBABULE,SE-6624,6624
SEMBABULE,SE-6941,6941
SEMBABULE,SE-6882,6882
SEMBABULE,SE-6393,6393
SEMBABULE,SE-6414,6414
SEMBABULE,SE-6427,6427
SEMBABULE,SE-6384,6384
SEMBABULE,SE-6874,6874
SEMBABULE,SE- 5149,5149
SEMBABULE,SE-7109,7109
SEMBABULE,SE-6948,6948
SEMBABULE,SE-6940,6940
SEMBABULE,SE-6937,6937
SEMBABULE,SE-7012,7012
SEMBABULE,SE-6939,6939
SEMBABULE,SE-6709,6709
SEMBABULE,SE-6956,6956
SEMBABULE,SE-4559,4559
SEMBABULE,SE-6947,6947
SEMBABULE,SE-6445,6445
SEMBABULE,SE-7095,7095
SEMBABULE,SE-4608,4608
SEMBABULE,SE-7106,7106
SEMBABULE,SE-7068,7068
SEMBABULE,SE-7070,7070
SEMBABULE,SE-7099,7099
SEMBABULE,SE-7036,7036
SEMBABULE,SE-7062,7062
SEMBABULE,SE-5102,5102
SEMBABULE,SE-6771,6771
SEMBABULE,SE-6687,6687
SEMBABULE,SE-6693,6693
SEMBABULE,SE-7120,7120
SEMBABULE,SE-6522,6522
SEMBABULE,SE-7055,7055
SEMBABULE,SE-7104,7104
SEMBABULE,SE-7111,7111
SEMBABULE,SE-5109,5109
SEMBABULE,SE-5927,5927
SEMBABULE,SE-7065,7065
SEMBABULE,SE-6456,6456
SEMBABULE,SE-7004,7004
SEMBABULE,SE-6457,6457
SEMBABULE,SE6113,6113
SEMBABULE,SE-6827,6827
SEMBABULE,SE-6726,6726
SEMBABULE,SE-7020,7020
SEMBABULE,SE-6415,6415
SEMBABULE,SE-5089,5089
SEMBABULE,SE-3751,3751
SEMBABULE,SE-7122,7122
SEMBABULE,SE-7123,7123
SEMBABULE,SE-6673,6673
SEMBABULE,SE-7110,7110
SEMBABULE,SE-5416,5416
SEMBABULE,SE-6728,6728
SEMBABULE,SE-6944,6944
SEMBABULE,SE-5571,5571
SEMBABULE,SE-6791,6791
SEMBABULE,SE-6793,6793
SEMBABULE,SE-6766,6766
SEMBABULE,SE-6344,6344
SEMBABULE,SE-7121,7121
SEMBABULE,SE-5535,5535
SEMBABULE,SE-6664,6664
SEMBABULE,SE-7069,7069
SEMBABULE,SE-7131,7131
SEMBABULE,SE-7133,7133
SEMBABULE,SE-7141,7141
SEMBABULE,SE-6764,6764
SEMBABULE,SE-7112,7112
SEMBABULE,SE-6765,6765
SEMBABULE,SE-7118,7118
SEMBABULE,SE-6550,6550
SEMBABULE,SE-7137,7137
SEMBABULE,SE-7132,7132
SEMBABULE,SE-7021,7021
SEMBABULE,SE-7139,7139
SEMBABULE,SE-7142,7142
SEMBABULE,SE-7135,7135
SEMBABULE,SE-7144,7144
SEMBABULE,SE-6787,6787
SEMBABULE,SE-6638,6638
SEMBABULE,SE-5437,5437
SEMBABULE,SE-7134,7134
SEMBABULE,SE-7114,7114
SEMBABULE,SE-7124,7124
SEMBABULE,SE-7115,7115
SEMBABULE,SE-7113,7113
SEMBABULE,SE-7116,7116
SEMBABULE,SE-6614,6614
SEMBABULE,SE-6716,6716
SEMBABULE,SE-6796,6796
SEMBABULE,SE-5991,5991
SEMBABULE,SE-7143,7143
SEMBABULE,SE-7147,7147
SEMBABULE,SE-7125,7125
SEMBABULE,SE-7148,7148
SEMBABULE,SE-6402,6402
SEMBABULE,SE-7145,7145
SEMBABULE,SE-7152,7152
SEMBABULE,SE-7146,7146
SEMBABULE,SE-7154,7154
SEMBABULE,SE-7150,7150
SEMBABULE,SE-5418,5418
SEMBABULE,SE-6973,6973
SEMBABULE,SE7073,7073
SEMBABULE,SE6283,6283
SEMBABULE,SE6323,6323
SEMBABULE,SE6368,6368
SEMBABULE,6373,6373
SEMBABULE,SE6383,6383
SEMBABULE,SE6399,6399
SEMBABULE,SE6466,6466
SEMBABULE,SE6413,6413
SEMBABULE,SE5756,5756
SEMBABULE,SE 5767,5767
SEMBABULE,SE 5775,5775
SEMBABULE,SE5776,5776
SEMBABULE,SE5792,5792
SEMBABULE,SE5799,5799
SEMBABULE,SE5804,5804
SEMBABULE,SE5805,5805
SEMBABULE,SE5807,5807
SEMBABULE,SE5808,5808
SEMBABULE,SE5815,5815
SEMBABULE,SE-7157,7157
SEMBABULE,SE-7151,7151
SEMBABULE,SE-7153,7153
SEMBABULE,SE-7158,7158
SEMBABULE,SE-7159,7159
SEMBABULE,SE-7160,7160
SEMBABULE,SE-7155,7155
SEMBABULE,SE5820,5820
SEMBABULE,SE5824,5824
SEMBABULE,SE5831,5831
SEMBABULE,SAE5846,5846
SEMBABULE,SE5827,5827
SEMBABULE,SE5854,5854
SEMBABULE,SE5859,5859
SEMBABULE,SE-6586,6586
SEMBABULE,6396,6396
SEMBABULE,5862,5862
SEMBABULE,SE5874,5874
SEMBABULE,SE5894,5894
SEMBABULE,5885,5885
SEMBABULE,SE-3235,3235
SEMBABULE,5901,5901
SEMBABULE,SE-3236,3236
SEMBABULE,5876,5876
SEMBABULE,SE-3254,3254
SEMBABULE,5905,5905
SEMBABULE,5908,5908
SEMBABULE,5943,5943
SEMBABULE,5950,5950
SEMBABULE,SE-3308,3308
SEMBABULE,6500,6500
SEMBABULE,SE6515,6515
SEMBABULE,SE-5695,5695
SEMBABULE,SE6516,6516
SEMBABULE,SE-3515,3515
SEMBABULE,SE6540,6540
SEMBABULE,SE-3529,3529
SEMBABULE,SE-3543,3543
SEMBABULE,SE-6812,6812
SEMBABULE,SE-3563,3563
SEMBABULE,SE-3565,3565
SEMBABULE,SE-3605,3605
SEMBABULE,SE-6715,6715
SEMBABULE,SE-7016,7016
SEMBABULE,SE-7015,7015
SEMBABULE,SE-6719,6719
SEMBABULE,SE-6718,6718
SEMBABULE,SE-7014,7014
SEMBABULE,SE-6727,6727
SEMBABULE,SE-6736,6736
SEMBABULE,6643,6643
SEMBABULE,SE-6737,6737
SEMBABULE,SE-7018,7018
SEMBABULE,6665,6665
SEMBABULE,SE-7017,7017
SEMBABULE,SE-6742,6742
SEMBABULE,6682,6682
SEMBABULE,SE-6761,6761
SEMBABULE,6686,6686
SEMBABULE,6688,6688
SEMBABULE,6691,6691
SEMBABULE,SE-7117,7117
SEMBABULE,SE-6762,6762
SEMBABULE,6798,6798
SEMBABULE,SE-7126,7126
SEMBABULE,SE-7127,7127
SEMBABULE,SE-7128,7128
SEMBABULE,SE-7129,7129
SEMBABULE,853,853
SEMBABULE,SE-6776,6776
SEMBABULE,5968,5968
SEMBABULE,5970,5970
SEMBABULE,SE-6803,6803
SEMBABULE,5973,5973
SEMBABULE,SE-6823,6823
SEMBABULE,SE-6819,6819
SEMBABULE,SE-6818,6818
SEMBABULE,SE5070,5070
SEMBABULE,SE-5521,5521
SEMBABULE,SE-6945,6945
SEMBABULE,SE-6916,6916
SEMBABULE,SE-6933,6933
SEMBABULE,SE-6896,6896
SEMBABULE,SE-6893,6893
SEMBABULE,SE-6871,6871
SEMBABULE,SE-3932,3932
SEMBABULE,SE-3942,3942
SEMBABULE,SE-6879,6879
SEMBABULE,SE-6870,6870
SEMBABULE,SE-6861,6861
SEMBABULE,SE-6860,6860
SEMBABULE,SE5137,5137
SEMBABULE,SE-3995,3995
SEMBABULE,SE-6862,6862
SEMBABULE,SE-3989,3989
SEMBABULE,SE-6854,6854
SEMBABULE,5048,5048
SEMBABULE,SE-6849,6849
SEMBABULE,SE-5373,5373
SEMBABULE,4249,4249
SEMBABULE,SE-6721,6721
SEMBABULE,SE-6835,6835
SEMBABULE,3707,3707
SEMBABULE,SE-5286,5286
SEMBABULE,5740,5740
SEMBABULE,5487,5487
SEMBABULE,SE-4881,4881
SEMBABULE,SE-4104,4104
SEMBABULE,SE-5039,5039
SEMBABULE,SE-5209,5209
SEMBABULE,5979,5979
SEMBABULE,5980,5980
SEMBABULE,SE-3606,3606
SEMBABULE,5982,5982
SEMBABULE,5988,5988
SEMBABULE,5984,5984
SEMBABULE,5996,5996
SEMBABULE,6006,6006
SEMBABULE,6023,6023
SEMBABULE,6033,6033
SEMBABULE,6118,6118
SEMBABULE,SE-3852,3852
SEMBABULE,SE6053,6053
SEMBABULE,SE-2828,2828
SEMBABULE,SE-5090,5090
SEMBABULE,SE-4710,4710
SEMBABULE,SE6182,6182
SEMBABULE,SE6210,6210
SEMBABULE,SE5314,5314
SEMBABULE,SE5318,5318
SEMBABULE,SE5326,5326
SEMBABULE,SE5285,5285
SEMBABULE,SE-4603,4603
SEMBABULE,SE5292,5292
SEMBABULE,SE5408,5408
SEMBABULE,SE-4876,4876
SEMBABULE,SE7075,7075
SEMBABULE,SE-5518,5518
SEMBABULE,SE5900,5900
SEMBABULE,SE-5536,5536
SEMBABULE,SE5508,5508
SEMBABULE,SE5509,5509
SEMBABULE,SE-5549,5549
SEMBABULE,SE5510,5510
SEMBABULE,SE-5550,5550
SEMBABULE,SE-5554,5554
SEMBABULE,SE5506,5506
SEMBABULE,5547,5547
SEMBABULE,5503,5503
SEMBABULE,SE-5532,5532
SEMBABULE,SE5498,5498
SEMBABULE,SE-5517,5517
SEMBABULE,SE-5556,5556
SEMBABULE,SE5493,5493
SEMBABULE,SE5492,5492
SEMBABULE,SE5490,5490
SEMBABULE,SE-5563,5563
SEMBABULE,SE-5566,5566
SEMBABULE,SE5484,5484
SEMBABULE,SE-5568,5568
SEMBABULE,SE5469,5469
SEMBABULE,SE-5855,5855
SEMBABULE,SE-5599,5599
SEMBABULE,SE5464,5464
SEMBABULE,SE-5574,5574
SEMBABULE,SE5451,5451
SEMBABULE,SE5452,5452
SEMBABULE,SE5450,5450
SEMBABULE,SE5448,5448
SEMBABULE,5440,5440
SEMBABULE,SE5407,5407
SEMBABULE,SE-4796,4796
SEMBABULE,SE5443,5443
SEMBABULE,SE5412,5412
SEMBABULE,SE-5683,5683
SEMBABULE,5402,5402
SEMBABULE,SE-5584,5584
SEMBABULE,SE-5728,5728
SEMBABULE,SE5406,5406
SEMBABULE,SE5423,5423
SEMBABULE,SE-5593,5593
SEMBABULE,SE-5605,5605
SEMBABULE,SE-5790,5790
SEMBABULE,SE-4867,4867
SEMBABULE,SE5368,5368
SEMBABULE,SE5370,5370
SEMBABULE,SE-5639,5639
SEMBABULE,SE-4848,4848
SEMBABULE,SE-5643,5643
SEMBABULE,SE5392,5392
SEMBABULE,SE-5651,5651
SEMBABULE,SDE-4845,4845
SEMBABULE,SE-4906,4906
SEMBABULE,SE-5682,5682
SEMBABULE,SE-5675,5675
SEMBABULE,SE-4909,4909
SEMBABULE,SE-5663,5663
SEMBABULE,SE-5677,5677
SEMBABULE,SE-4916,4916
SEMBABULE,SE-4921,4921
SEMBABULE,SE-5697,5697
SEMBABULE,SE-4931,4931
SEMBABULE,SE5369,5369
SEMBABULE,SE-5699,5699
SEMBABULE,SE-4942,4942
SEMBABULE,SE5329,5329
SEMBABULE,SE-5580,5580
SEMBABULE,SE5328,5328
SEMBABULE,SE5361,5361
SEMBABULE,SE-5736,5736
SEMBABULE,SE-4953,4953
SEMBABULE,SE5330,5330
SEMBABULE,SE-4957,4957
SEMBABULE,SE-4958,4958
SEMBABULE,SE-4959,4959
SEMBABULE,SE-4962,4962
SEMBABULE,SE-4970,4970
SEMBABULE,SE-5005,5005
SEMBABULE,SE-4986,4986
SEMBABULE,SE-4979,4979
SEMBABULE,SE-5016,5016
SEMBABULE,SE-5017,5017
SEMBABULE,SE-5025,5025
SEMBABULE,2861,2861
SEMBABULE,3037B,3037
SEMBABULE,SE-5024,5024
SEMBABULE,SE-5026,5026
SEMBABULE,SE-4989,4989
SEMBABULE,SE-5001,5001
SEMBABULE,7130,7130
SEMBABULE,SE-5061,5061
SEMBABULE,SE-5079,5079
SEMBABULE,7136,7136
SEMBABULE,SE-5116,5116
SEMBABULE,7138,7138
SEMBABULE,SE-5135,5135
SEMBABULE,7140,7140
SEMBABULE,SE-5939,5939
SEMBABULE,7149,7149
SEMBABULE,SE-5140,5140
SEMBABULE,SE-5150,5150
SEMBABULE,SE-5167,5167
SEMBABULE,SE-5170,5170
SEMBABULE,SE-5176,5176
SEMBABULE,SE-5185,5185
SEMBABULE,SE-5200,5200
SEMBABULE,SE-5220,5220
SEMBABULE,SE-5234,5234
SEMBABULE,SE-5249,5249
SEMBABULE,SE-5252,5252
SEMBABULE,SE-5260,5260
SEMBABULE,SE-5273,5273
SEMBABULE,SE-5340,5340
SEMBABULE,SE3497,3497
SEMBABULE,SE-7164,7164
SEMBABULE,SE-7165,7165
SEMBABULE,SE-7166,7166
SEMBABULE,SE-7162,7162
SEMBABULE,SE-5233,5233
SEMBABULE,5193,5193
SEMBABULE,SE-5169,5169
SEMBABULE,SE-5141,5141
SEMBABULE,SE-5127,5127
SEMBABULE,SE-5125,5125
SEMBABULE,SE-5126,5126
SEMBABULE,SE-5091,5091
SEMBABULE,SE-5104,5104
SEMBABULE,SE-5053,5053
SEMBABULE,SE-7161,7161
SEMBABULE,SE-7167,7167
SEMBABULE,SE-7168,7168
SEMBABULE,SE-7169,7169
SEMBABULE,SE-5523,5523
SEMBABULE,SE-5627,5627
SEMBABULE,SE-5698,5698
SEMBABULE,SE-5709,5709
SEMBABULE,SE-5727,5727
SEMBABULE,SE-3988,3988
SEMBABULE,SE-7076,7076
SEMBABULE,SE-7174,7174
SEMBABULE,SE-7170B,7170
SEMBABULE,SE-7184,7184
SEMBABULE,SE-7183,7183
SEMBABULE,SE 1483B,1483
SEMBABULE,SE7171,7171
SEMBABULE,SE-7187,7187
SEMBABULE,SE-7186,7186
SEMBABULE,SE-7176,7176
SEMBABULE,SE-7185,7185
SEMBABULE,SE-7182,7182
SEMBABULE,SE-7188,7188
SEMBABULE,SE-7173,7173
SEMBABULE,SE-7181,7181
SEMBABULE,SE-6993,6993
SEMBABULE,7175,7175
SEMBABULE,SE-7177,7177
SEMBABULE,SE-7199,7199
SEMBABULE,SE-7198,7198
SEMBABULE,SE-7200,7200
SEMBABULE,SE-7156,7156
SEMBABULE,SE-6864,6864
SEMBABULE,SE-7202,7202
SEMBABULE,SE-7204,7204
SEMBABULE,SE-7203,7203
SEMBABULE,SE-7207,7207
SEMBABULE,SE-7208,7208
SEMBABULE,SE-7205,7205
SEMBABULE,SE-7201,7201
SEMBABULE,SE-7209,7209
SEMBABULE,SE-7210,7210
SEMBABULE,SE-7211,7211
SEMBABULE,SE-7215,7215
SEMBABULE,SE-7216,7216
SEMBABULE,SE-7221,7221
SEMBABULE,SE-6497,6497
SEMBABULE,SE-7224,7224
SEMBABULE,SE-6768,6768
SEMBABULE,SE-7225,7225
SEMBABULE,SE-6955,6955
SEMBABULE,SE-7220,7220
SEMBABULE,7180,7180
SEMBABULE,SE-7222,7222
SEMBABULE,SE-7229,7229
SEMBABULE,SE-7232,7232
SEMBABULE,SE-7233,7233
SEMBABULE,SE-7228,7228
SEMBABULE,SE-7234,7234
SEMBABULE,SE-7226,7226
SEMBABULE,SE-7230,7230
SEMBABULE,SE-7231,7231
SEMBABULE,SE-7235,7235
SEMBABULE,SE-7212,7212
SEMBABULE,SE-7213,7213
SEMBABULE,SE-7214,7214
SEMBABULE,SE-7217,7217
SEMBABULE,SE-7218,7218
SEMBABULE,SE-7219,7219
SEMBABULE,SE-7223,7223
SEMBABULE,SE-7236,7236
SEMBABULE,SE-7206,7206
SEMBABULE,6977,6977
SEMBABULE,5616,5616
SEMBABULE,7178,7178
SEMBABULE,SE-7237,7237
SEMBABULE,SE-7243,7243
SEMBABULE,SE-7244,7244
SEMBABULE,SE-7240,7240
SEMBABULE,SE-7241,7241
SEMBABULE,SE-7246,7246
SEMBABULE,SE-7239,7239
SEMBABULE,SE-7245,7245
SEMBABULE,SE3626,3626
SEMBABULE,SE-7227,7227
SEMBABULE,SE-7247,7247
SEMBABULE,SE-5058,5058
SEMBABULE,SE 7074,7074
SEMBABULE,SE7257,7257
SEMBABULE,SE-7259,7259
SEMBABULE,SE7254,7254
SEMBABULE,SE-7255,7255
SEMBABULE,SE-5058B,5058
SEMBABULE,SE-5561,5561
SEMBABULE,SE-7262,7262
SEMBABULE,SE-6731,6731
SEMBABULE,SE-7072,7072
SEMBABULE,SE-6942,6942
SEMBABULE,SE-7265,7265
SEMBABULE,SE-7266,7266
SEMBABULE,SE-7248,7248
SEMBABULE,SE-7268,7268
SEMBABULE,SE-7274,7274
SEMBABULE,SE-7261,7261
SEMBABULE,SE-7275,7275
SEMBABULE,SE-7277,7277
SEMBABULE,SE-7271,7271
SEMBABULE,SE-7267,7267
SEMBABULE,SE-7269,7269
SEMBABULE,SE-7273,7273
SEMBABULE,SE-7260,7260
SEMBABULE,SE-7256,7256
SEMBABULE,SE-7242,7242
SEMBABULE,SE-5165,5165
SEMBABULE,SE-7280,7280
SEMBABULE,SE-7279,7279
SEMBABULE,SE-7281,7281
SEMBABULE,SE-7284,7284
SEMBABULE,SE-7285,7285
SEMBABULE,SE-7286,7286
SEMBABULE,SE-7282,7282
SEMBABULE,SE-7287,7287
SEMBABULE,SE-7272,7272
SEMBABULE,SE-7238,7238
SEMBABULE,SE- 7293,7293
SEMBABULE,SE-7249,7249
SEMBABULE,SE-7292,7292
SEMBABULE,SE-7258,7258
SEMBABULE,SE-7253,7253
SEMBABULE,SE-7264,7264
SEMBABULE,SE-7289,7289
SEMBABULE,SE-7278,7278
SEMBABULE,SE-7270,7270
SEMBABULE,SE-7250,7250
SEMBABULE,SE-7291,7291
SEMBABULE,SE-7295,7295
SEMBABULE,SE-7294,7294
SEMBABULE,SE-7296,7296
SEMBABULE,SE-7290,7290
SEMBABULE,SE-7276,7276
SEMBABULE,SE-7288,7288
SEMBABULE,SE-7298,7298
SEMBABULE,SE-7300,7300
SEMBABULE,SE-7297,7297
SEMBABULE,SE-7301,7301
SEMBABULE,SE07302,7302
SEMBABULE,SE-7308,7308
SEMBABULE,SE-7307,7307
SEMBABULE,SE-7305,7305
SEMBABULE,SE:7320,7320
SEMBABULE,SE:7319,7319
SEMBABULE,SE:7318,7318
SEMBABULE,SE:7317,7317
SEMBABULE,SE-7314,7314
SEMBABULE,SE-7311,7311
SEMBABULE,SE-7312,7312
SEMBABULE,SE-7310,7310
SEMBABULE,SE-7304,7304
SEMBABULE,SE-7309,7309
SEMBABULE,SE-7306,7306
SEMBABULE,SE-7313,7313
SEMBABULE,SE-7315,7315
SEMBABULE,SE-7251,7251
SEMBABULE,SE-7252,7252
SEMBABULE,SE-7322,7322
SEMBABULE,SE-7325,7325
SEMBABULE,SE-7326,7326
SEMBABULE,SE-7334,7334
SEMBABULE,SE07330,7330
SEMBABULE,SE-7328,7328
SEMBABULE,SE-7329,7329
SEMBABULE,SE-7327,7327
SEMBABULE,SE-7335,7335
SEMBABULE,SE-7323,7323
SEMBABULE,SE:7324,7324
SEMBABULE,SE-7331,7331
SEMBABULE,SE-7336,7336
SEMBABULE,SE-7337,7337
SEMBABULE,SE7340,7340
SEMBABULE,SE-7341,7341
SEMBABULE,SE-7338,7338
SEMBABULE,SE-7343,7343
SEMBABULE,SE-7339,7339
SEMBABULE,SE-7303,7303
SEMBABULE,SE-7344,7344
SEMBABULE,SE-7347,7347
SEMBABULE,SE-7333,7333
SEMBABULE,SE-7332,7332
SEMBABULE,SE-7346,7346
SEMBABULE,SE-7349,7349
SEMBABULE,SE-7350,7350
SEMBABULE,SE-6755,6755
SEMBABULE,SE-7352,7352
SEMBABULE,SE-7348,7348
SEMBABULE,SE-7316,7316
SEMBABULE,SE-7345,7345
SEMBABULE,SE-7357,7357
SEMBABULE,SE-7354,7354
SEMBABULE,SE-7355,7355
SEMBABULE,SE-7353,7353
SEMBABULE,SE08611,8611
SEMBABULE,SE-7362,7362
SEMBABULE,SE-7363,7363
SEMBABULE,SE-7356,7356
SEMBABULE,SE-7179,7179
SEMBABULE,SE-7358,7358
SEMBABULE,SE-7359,7359
SEMBABULE,SE-7360,7360
SEMBABULE,SE-7361,7361
SEMBABULE,SE-7367,7367
SEMBABULE,SE-7366,7366
SEMBABULE,SE- 7364,7364
SEMBABULE,SE-7365,7365
SEMBABULE,SE-7368,7368
SEMBABULE,SE-7299,7299
SEMBABULE,SE-7342,7342
SEMBABULE,SE- 7321,7321
SEMBABULE,SE-7370,7370
SEMBABULE,SE-7369,7369
SEMBABULE,SE-7377,7377
SEMBABULE,SE-7378,7378
SEMBABULE,SE-7374,7374
SEMBABULE,SE- 7373,7373
SEMBABULE,SE-7375,7375
SEMBABULE,SE-7376,7376
SEMBABULE,SE-7380,7380
SEMBABULE,SE-7381,7381
SEMBABULE,SE-7383,7383
SEMBABULE,SE-7382,7382
SEMBABULE,SE-7385,7385
SEMBABULE,SE-7384,7384
SEMBABULE,SE-7386,7386
SEMBABULE,SE-7351,7351
SEMBABULE,SE-7391,7391
SEMBABULE,SE-7394,7394
SEMBABULE,SE-7387,7387
SEMBABULE,SE-7388,7388
SEMBABULE,SE-7392,7392
SEMBABULE,SE-6909,6909
SEMBABULE,SE-7390,7390
SEMBABULE,SE-7398,7398
SEMBABULE,SE-7400,7400
SEMBABULE,SE-7399,7399
SEMBABULE,SE-6720,6720
SEMBABULE,SE-7379,7379
SEMBABULE,SE-7402,7402
SEMBABULE,SE-7401,7401
SEMBABULE,SE-7397,7397
SEMBABULE,SE-7389,7389
SEMBABULE,SE-7395,7395
SEMBABULE,SE-7396,7396
SEMBABULE,SE-7406,7406
SEMBABULE,SE-7410,7410
SEMBABULE,SE-7411,7411
SEMBABULE,SE-7403,7403
SEMBABULE,SE-7407,7407
SEMBABULE,SE-7405,7405
SEMBABULE,SE-7409,7409
SEMBABULE,SE-7412,7412
SEMBABULE,SE 7417,7417
SEMBABULE,SE 7415,7415
SEMBABULE,SE 7414,7414
SEMBABULE,SE-7413,7413
SEMBABULE,SE-7422,7422
SEMBABULE,SE-7423,7423
SEMBABULE,SE-7426,7426
SEMBABULE,SE-7421,7421
SEMBABULE,SE-7372,7372
SEMBABULE,SE-7416,7416
SEMBABULE,SE-7420,7420
SEMBABULE,SE-7419,7419
SEMBABULE,SE-7371,7371
SEMBABULE,SE-7408,7408
SEMBABULE,SE-7418,7418
SEMBABULE,SE-7428,7428
SEMBABULE,SE-7430,7430
SEMBABULE,SE-7432,7432
SEMBABULE,SE-7437,7437
SEMBABULE,SE-7439,7439
SEMBABULE,SE-7427,7427
SEMBABULE,SE-7425,7425
SEMBABULE,SE-7435,7435
SEMBABULE,SE-7445,7445
SEMBABULE,SE-7447,7447
SEMBABULE,SE-7446,7446
SEMBABULE,SE-7440,7440
SEMBABULE,SE-7448,7448
SEMBABULE,SE-7441,7441
SEMBABULE,SE-7429,7429
SEMBABULE,SE-7434,7434
SEMBABULE,SE-7436,7436
SEMBABULE,SE-7431,7431
SEMBABULE,SE-7449,7449
SEMBABULE,SE-7442,7442
SEMBABULE,SE-7444,7444
SEMBABULE,SE-7443,7443
SEMBABULE,SE-7438,7438
SEMBABULE,7452,7452
SEMBABULE,SE-7451,7451
SEMBABULE,SE-7453,7453
SEMBABULE,SE-7454,7454
SEMBABULE,SE-7424,7424
SEMBABULE,SE-7455,7455
SEMBABULE,SE-7450,7450
SEMBABULE,SE-7456,7456
SEMBABULE,SE-7457,7457
SEMBABULE,SE-7458,7458
SEMBABULE,SE-7460,7460
SEMBABULE,SE-7464,7464
SEMBABULE,SE-7470,7470
SEMBABULE,SE-7469,7469
SEMBABULE,se-7471,7471
SEMBABULE,SE-7472,7472
SEMBABULE,SE--7473,7473
SEMBABULE,SE-7404,7404
SEMBABULE,SE-7466,7466
SEMBABULE,SE-7476,7476
SEMBABULE,SE-7478,7478
SEMBABULE,SE-7459,7459
SEMBABULE,SE-7474,7474
SEMBABULE,SE-7467,7467
SEMBABULE,SE-7468,7468
SEMBABULE,SE-7465,7465
SEMBABULE,SE-7475,7475
SEMBABULE,SE-7477,7477
SEMBABULE,SE-7479,7479
SEMBABULE,SE-7461,7461
SEMBABULE,se-7482,7482
SEMBABULE,7483,7483
SEMBABULE,SE-7485,7485
SEMBABULE,SE-7487,7487
SEMBABULE,SE-7484,7484
SEMBABULE,SE-7488,7488
SEMBABULE,SE-7486,7486
SEMBABULE,SE-7463,7463
SEMBABULE,SE-7489,7489
SEMBABULE,SE-7480,7480
SEMBABULE,SE-7481,7481
SEMBABULE,SE-7490,7490
SEMBABULE,SE-7493,7493
SEMBABULE,SE-7492,7492
SEMBABULE,SE-1625,1625
SEMBABULE,SE-7495,7495
SEMBABULE,SE-7498,7498
SEMBABULE,SE-7503,7503
SEMBABULE,SE-7504,7504
SEMBABULE,SE-7508,7508
SEMBABULE,SE-7497,7497
SEMBABULE,SE-7494,7494
SEMBABULE,SE-7500,7500
SEMBABULE,SE-7502,7502
SEMBABULE,SE-7499,7499
SEMBABULE,SE-7505,7505
SEMBABULE,SE-7507,7507
SEMBABULE,SE-7510,7510
SEMBABULE,SE-7511,7511
SEMBABULE,SE:7512,7512
SEMBABULE,SE-7506,7506
SEMBABULE,SE-7516,7516
SEMBABULE,SE-7514,7514
SEMBABULE,SE-7515,7515
SEMBABULE,SE-7509,7509
SEMBABULE,SE-7501,7501
SEMBABULE,SE-7519,7519
SEMBABULE,SE-7462,7462
SEMBABULE,SE-7517,7517
SEMBABULE,SE-7518,7518
SEMBABULE,SE-7524,7524
SEMBABULE,SE-7527,7527
SEMBABULE,SE-7513,7513
SEMBABULE,SE-7528,7528
SEMBABULE,SE-7496,7496
SEMBABULE,SE-7525,7525
SEMBABULE,SE-7523,7523
SEMBABULE,SE-7529,7529
SEMBABULE,SE-7531,7531
SEMBABULE,SE-7530,7530
SEMBABULE,SE-7521,7521
SEMBABULE,SE-7520,7520
SEMBABULE,SE-7522,7522
SEMBABULE,SE-7536,7536
SEMBABULE,SE-7526,7526
SEMBABULE,SE-7537,7537
SEMBABULE,SE-7542,7542
SEMBABULE,SE-7541,7541
SEMBABULE,SE-7540,7540
SEMBABULE,SE-7534,7534
SEMBABULE,SE-7539,7539
SEMBABULE,SE-7535,7535
SEMBABULE,SE-7533,7533
SEMBABULE,SE-7491,7491
SEMBABULE,SE-7532,7532
SEMBABULE,SE-7538,7538
SEMBABULE,SE-7543,7543
SEMBABULE,SE-7545,7545
SEMBABULE,SE-7546,7546
SEMBABULE,SE-7544,7544
SEMBABULE,SE-7547,7547
SEMBABULE,SE-7548,7548
SEMBABULE,SE-7552,7552
SEMBABULE,SE-7551,7551
SEMBABULE,SE-7553,7553
SEMBABULE,SE-7554,7554
SEMBABULE,SE-7555,7555
SEMBABULE,SE-7556,7556
SEMBABULE,SE-7559,7559
SEMBABULE,SE-7557,7557
SEMBABULE,SE-7550,7550
SEMBABULE,SE-7558,7558
SEMBABULE,SE-7560,7560
SEMBABULE,SE-7549,7549
SEMBABULE,SE-7562,7562
SEMBABULE,SE-7563,7563
SEMBABULE,SE-7561,7561
SEMBABULE,SE-7564,7564
SEMBABULE,SE-7567,7567
SEMBABULE,SE-7566,7566
SEMBABULE,SE-7572,7572
SEMBABULE,SE-7571,7571
SEMBABULE,SE-7574,7574
SEMBABULE,SE-7570,7570
SEMBABULE,SE-6630,6630
SEMBABULE,SE-7576,7576
SEMBABULE,SE-7580,7580
SEMBABULE,SE-7581,7581
SEMBABULE,SE-7575,7575
SEMBABULE,SE-7582,7582
SEMBABULE,SE-7583,7583
SEMBABULE,SE-7578,7578
SEMBABULE,SE-7577,7577
SEMBABULE,SE-7573,7573
SEMBABULE,SE-7569,7569
SEMBABULE,SE-7585,7585
SEMBABULE,SE-7590,7590
SEMBABULE,SE-7592,7592
SEMBABULE,SE-7589,7589
SEMBABULE,SE-7593,7593
SEMBABULE,SE-7597,7597
SEMBABULE,SE-7604,7604
SEMBABULE,SE-7595,7595
SEMBABULE,SE-7579,7579
SEMBABULE,SE-7600,7600
SEMBABULE,SE-7601,7601
SEMBABULE,SE-7598,7598
SEMBABULE,SE-7599,7599
SEMBABULE,SE-7591,7591
SEMBABULE,SE-7594,7594
SEMBABULE,SE-7596,7596
SEMBABULE,SE-7605,7605
SEMBABULE,SE-7602,7602
SEMBABULE,SE-7603,7603
SEMBABULE,SE-7606,7606
SEMBABULE,SE-7607,7607
SEMBABULE,SE-7608,7608
SEMBABULE,SE-7610,7610
SEMBABULE,SE-7609,7609
SEMBABULE,SE-7565,7565
SEMBABULE,SE-7611,7611
SEMBABULE,SE-7617,7617
SEMBABULE,SE-7612,7612
SEMBABULE,SE-7586,7586
SEMBABULE,SE-7620,7620
SEMBABULE,SE-7613,7613
SEMBABULE,SE-7587,7587
SEMBABULE,SE-7614,7614
SEMBABULE,SE-7615,7615
SEMBABULE,SE-7616,7616
SEMBABULE,SE-7631,7631
SEMBABULE,SE-7629,7629
SEMBABULE,SE-7628,7628
SEMBABULE,SE-7630,7630
SEMBABULE,SE7635,7635
SEMBABULE,SE:7636,7636
SEMBABULE,SE-7624,7624
SEMBABULE,SE-7627,7627
SEMBABULE,SE-7623,7623
SEMBABULE,SE:7634,7634
SEMBABULE,SE-7622,7622
SEMBABULE,SE-7625,7625
SEMBABULE,SE-7618,7618
SEMBABULE,SE-7619,7619
SEMBABULE,SE-7638,7638
SEMBABULE,SE-7633,7633
SEMBABULE,SE-7637,7637
SEMBABULE,SE-7568,7568
SEMBABULE,SE-7640,7640
SEMBABULE,SE-7639,7639
SEMBABULE,SE-7644,7644
SEMBABULE,SE-7642,7642
SEMBABULE,SE-7643,7643
SEMBABULE,SE-7648,7648
SEMBABULE,SE-7646,7646
SEMBABULE,SE-7654,7654
SEMBABULE,SE-7655,7655
SEMBABULE,SE-7653,7653
SEMBABULE,SE-7661,7661
SEMBABULE,SE-7668,7668
SEMBABULE,SE-7662,7662
SEMBABULE,SE-7657,7657
SEMBABULE,SE-7669,7669
SEMBABULE,SE08462,8462
SEMBABULE,SE: 7677,7677
SEMBABULE,SE 7678,7678
SEMBABULE,SE 7676,7676
SEMBABULE,SE 7671,7671
SEMBABULE,SE7670,7670
SEMBABULE,SE 7687,7687
SEMBABULE,SE 7685,7685
SEMBABULE,SE 7675,7675
SEMBABULE,SE 7681,7681
SEMBABULE,SE 7679,7679
SEMBABULE,SE 7680,7680
SEMBABULE,SE 7673,7673
SEMBABULE,SE-7645,7645
SEMBABULE,SE:7696,7696
SEMBABULE,SE:7649,7649
SEMBABULE,SE:7692,7692
SEMBABULE,SE:7695,7695
SEMBABULE,SE:7694,7694
SEMBABULE,SE:7652,7652
SEMBABULE,SE:7659,7659
SEMBABULE,SE:7690,7690
SEMBABULE,SE:7667,7667
SEMBABULE,SE:7689,7689
SEMBABULE,SE-7699,7699
SEMBABULE,SE-7700,7700
SEMBABULE,SE-7705,7705
SEMBABULE,SE-7701,7701
SEMBABULE,SE-7703,7703
SEMBABULE,SE-7706,7706
SEMBABULE,SE-7663,7663
SEMBABULE,SE-7665,7665
SEMBABULE,SE-7660,7660
SEMBABULE,SE-7698,7698
SEMBABULE,SE-7697,7697
SEMBABULE,SE-7647,7647
SEMBABULE,SE-7684,7684
SEMBABULE,SE-7674,7674
SEMBABULE,SE-7658,7658
SEMBABULE,SE-7672,7672
SEMBABULE,SE-7664,7664
SEMBABULE,SE-7651,7651
SEMBABULE,SE-7683,7683
SEMBABULE,SE-7688,7688
SEMBABULE,SE-7702,7702
SEMBABULE,SE-7686,7686
SEMBABULE,SE-7693,7693
SEMBABULE,SE-7691,7691
SEMBABULE,SE 7708,7708
SEMBABULE,SE 7709,7709
SEMBABULE,SE-7712,7712
SEMBABULE,SE-7713,7713
SEMBABULE,SE-7707,7707
SEMBABULE,SE-7714,7714
SEMBABULE,SE-7715,7715
SEMBABULE,SE:7719,7719
SEMBABULE,SE-7710,7710
SEMBABULE,SE-7711,7711
SEMBABULE,SE:7724,7724
SEMBABULE,SE-7726,7726
SEMBABULE,SE-7727,7727
SEMBABULE,SE-7721,7721
SEMBABULE,SE-7725,7725
SEMBABULE,SE-7717,7717
SEMBABULE,SE-7718,7718
SEMBABULE,SE-7720,7720
SEMBABULE,SE-7728,7728
SEMBABULE,SE-7732,7732
SEMBABULE,SE-7733,7733
SEMBABULE,SE-7734,7734
SEMBABULE,SE-7738,7738
SEMBABULE,SE-7621,7621
SEMBABULE,SE-7735,7735
SEMBABULE,SE-7731,7731
SEMBABULE,SE-7730,7730
SEMBABULE,SE-7584,7584
SEMBABULE,SE-7626,7626
SEMBABULE,SE-7641,7641
SEMBABULE,SE-7656,7656
SEMBABULE,SE-7739,7739
SEMBABULE,SE-7737,7737
SEMBABULE,SE-7729,7729
SEMBABULE,SE-7741,7741
SEMBABULE,SE-7743,7743
SEMBABULE,SE-7742,7742
SEMBABULE,SE-7736,7736
SEMBABULE,SE-7748,7748
SEMBABULE,SE-7740,7740
SEMBABULE,SE-7749,7749
SEMBABULE,SE-7744,7744
SEMBABULE,SE-7746,7746
SEMBABULE,SE-7747,7747
SEMBABULE,SE-7704,7704
SEMBABULE,SE-7756,7756
SEMBABULE,SE-7758,7758
SEMBABULE,SE-7759,7759
SEMBABULE,SE-7682,7682
SEMBABULE,SE-7763,7763
SEMBABULE,SE-7764,7764
SEMBABULE,SE-7762,7762
SEMBABULE,SE-7755,7755
SEMBABULE,SE-7766,7766
SEMBABULE,SE-7765,7765
SEMBABULE,SE-7767,7767
SEMBABULE,SE-7770,7770
SEMBABULE,7588,7588
SEMBABULE,SE-7772,7772
SEMBABULE,SE-7752,7752
SEMBABULE,7750,7750
SEMBABULE,SE-7775,7775
SEMBABULE,SE-7774,7774
SEMBABULE,SE-7773,7773
SEMBABULE,SE-7780,7780
SEMBABULE,SE-7769,7769
SEMBABULE,SE-7768,7768
SEMBABULE,SE-7753,7753
SEMBABULE,SE-7754,7754
SEMBABULE,SE-7778,7778
SEMBABULE,SE7761,7761
SEMBABULE,SE7785,7785
SEMBABULE,SE-7779,7779
SEMBABULE,SE-7784,7784
SEMBABULE,SE-7745,7745
SEMBABULE,SE-7788,7788
SEMBABULE,SE-7716,7716
SEMBABULE,SE-7783,7783
SEMBABULE,SE-7771,7771
SEMBABULE,SE-7790,7790
SEMBABULE,SE-7789,7789
SEMBABULE,7722,7722
SEMBABULE,7777,7777
SEMBABULE,7760,7760
SEMBABULE,7791,7791
SEMBABULE,7787,7787
SEMBABULE,SE 7782,7782
SEMBABULE,7786,7786
SEMBABULE,7781,7781
SEMBABULE,7792,7792
SEMBABULE,SE-7795,7795
SEMBABULE,SE-7794,7794
SEMBABULE,SE-7802,7802
SEMBABULE,SE-7801,7801
SEMBABULE,SE-7793,7793
SEMBABULE,SE-7797,7797
SEMBABULE,SE-7800,7800
SEMBABULE,SE-7796,7796
SEMBABULE,SE-7799,7799
SEMBABULE,SE-6806,6806
SEMBABULE,SE-7776,7776
SEMBABULE,SE-7803,7803
SEMBABULE,SE-7804,7804
SEMBABULE,SE-7811,7811
SEMBABULE,SE-7808,7808
SEMBABULE,SE-7807,7807
SEMBABULE,SE-7806,7806
SEMBABULE,SE-7812,7812
SEMBABULE,SE-7814,7814
SEMBABULE,SE-7815,7815
SEMBABULE,SE7816,7816
SEMBABULE,SE-7820,7820
SEMBABULE,SE-7823,7823
SEMBABULE,SE-7824,7824
SEMBABULE,SE-7825,7825
SEMBABULE,SE-7822,7822
SEMBABULE,SE-7821,7821
SEMBABULE,SE-7810,7810
SEMBABULE,SE-7809,7809
SEMBABULE,SE-7818,7818
SEMBABULE,SE-7805,7805
SEMBABULE,SE-7813,7813
SEMBABULE,SE-7827,7827
SEMBABULE,SE-7834,7834
SEMBABULE,SE-7826,7826
SEMBABULE,SE-7828,7828
SEMBABULE,SE7833,7833
SEMBABULE,SE-7832,7832
SEMBABULE,SE-7831,7831
SEMBABULE,SE-7830,7830
SEMBABULE,SE-7843,7843
SEMBABULE,SE-7842,7842
SEMBABULE,SE-7848,7848
SEMBABULE,SE7850,7850
SEMBABULE,SE-7851,7851
SEMBABULE,SE-7839,7839
SEMBABULE,SE-7845,7845
SEMBABULE,SE-7853,7853
SEMBABULE,SE-7847,7847
SEMBABULE,SE-7829,7829
SEMBABULE,SE-7852,7852
SEMBABULE,SE-7846,7846
SEMBABULE,SE-7838,7838
SEMBABULE,SE-7837,7837
SEMBABULE,SE-7854,7854
SEMBABULE,SE-7856,7856
SEMBABULE,SE-7855,7855
SEMBABULE,SE-7857,7857
SEMBABULE,SE-7859,7859
SEMBABULE,SE-7867,7867
SEMBABULE,SE-7866,7866
SEMBABULE,SE-7860,7860
SEMBABULE,SE-7869,7869
SEMBABULE,SE-7871,7871
SEMBABULE,SE-7864,7864
SEMBABULE,SE-7861,7861
SEMBABULE,SE-7862,7862
SEMBABULE,SE-7863,7863
SEMBABULE,SE-7865,7865
SEMBABULE,SE-7868,7868
SEMBABULE,SE-7879,7879
SEMBABULE,SE-7874,7874
SEMBABULE,SE-7873,7873
SEMBABULE,SE-7872,7872
SEMBABULE,SE-7878,7878
SEMBABULE,SE-7877,7877
SEMBABULE,SE-7870,7870
SEMBABULE,SE-7886,7886
SEMBABULE,SE-7841,7841
SEMBABULE,SE-7881,7881
SEMBABULE,SE-7885,7885
SEMBABULE,SE-7887,7887
SEMBABULE,SE-7875,7875
SEMBABULE,SE-7896,7896
SEMBABULE,SE-7889,7889
SEMBABULE,SE-7888,7888
SEMBABULE,SE-7890,7890
SEMBABULE,SE-7882,7882
SEMBABULE,SE-7901,7901
SEMBABULE,SE-7900,7900
SEMBABULE,SE-7891,7891
SEMBABULE,SE-7835,7835
SEMBABULE,SE-7836,7836
SEMBABULE,SE-7840,7840
SEMBABULE,SE-7876,7876
SEMBABULE,SE-7903,7903
SEMBABULE,SE-7899,7899
SEMBABULE,SE-7898,7898
SEMBABULE,SE-7902,7902
SEMBABULE,SE-7897,7897
SEMBABULE,SE-7880,7880
SEMBABULE,SE-7904,7904
SEMBABULE,SE-7895,7895
SEMBABULE,SE-7892,7892
SEMBABULE,SE-7909,7909
SEMBABULE,SE-7907,7907
SEMBABULE,SE-7906,7906
SEMBABULE,SE-7912,7912
SEMBABULE,SE-7913,7913
SEMBABULE,SE-7893,7893
SEMBABULE,SE-7905,7905
SEMBABULE,SE-7914,7914
SEMBABULE,SE-7915,7915
SEMBABULE,SE-7916,7916
SEMBABULE,SE-7911,7911
SEMBABULE,SE-7908,7908
SEMBABULE,SE-7894,7894
SEMBABULE,SE-7910,7910
SEMBABULE,SE-7884,7884
SEMBABULE,SE-7883,7883
SEMBABULE,SE-7858,7858
SEMBABULE,SE-7920,7920
SEMBABULE,SE-7919,7919
SEMBABULE,SE-7926,7926
SEMBABULE,SE-7923,7923
SEMBABULE,SE-7924,7924
SEMBABULE,SE-7921,7921
SEMBABULE,SE-7937,7937
SEMBABULE,SE-7939,7939
SEMBABULE,SE-7935,7935
SEMBABULE,SE-7929,7929
SEMBABULE,SE-7936,7936
SEMBABULE,SE-7930,7930
SEMBABULE,SE-7928,7928
SEMBABULE,SE-7927,7927
SEMBABULE,SE-7918,7918
SEMBABULE,SE-7922,7922
SEMBABULE,SE-7925,7925
SEMBABULE,SE-7917,7917
SEMBABULE,SE-7942,7942
SEMBABULE,SE-7941,7941
SEMBABULE,SE-7931,7931
SEMBABULE,SE-7932,7932
SEMBABULE,SE-7933,7933
SEMBABULE,SE-7945,7945
SEMBABULE,SE-7948,7948
SEMBABULE,SE-7946,7946
SEMBABULE,SE-7947,7947
SEMBABULE,SE-7944,7944
SEMBABULE,SE-7943,7943
SEMBABULE,SE-7949,7949
SEMBABULE,SE-7953,7953
SEMBABULE,SE-7955,7955
SEMBABULE,SE-7952,7952
SEMBABULE,SE-7954,7954
SEMBABULE,SE-7957,7957
SEMBABULE,SE-7958,7958
SEMBABULE,SE-7962,7962
SEMBABULE,SE-7956,7956
SEMBABULE,SE-7963,7963
SEMBABULE,SE-7959,7959
SEMBABULE,SE-7966,7966
SEMBABULE,SE-7965,7965
SEMBABULE,SE7960,7960
SEMBABULE,SE-7961,7961
SEMBABULE,SE-7940,7940
SEMBABULE,SE-7968,7968
SEMBABULE,SE-7972,7972
SEMBABULE,SE-7978,7978
SEMBABULE,SE-7971,7971
SEMBABULE,SE-7979,7979
SEMBABULE,SE-7984,7984
SEMBABULE,SE-7987,7987
SEMBABULE,SE-7950,7950
SEMBABULE,SE-7985,7985
SEMBABULE,SE-7973,7973
SEMBABULE,SE-7986,7986
SEMBABULE,SE-7980,7980
SEMBABULE,SE-7976,7976
SEMBABULE,SE-7967,7967
SEMBABULE,SE-7977,7977
SEMBABULE,SE-7990,7990
SEMBABULE,SE-7994,7994
SEMBABULE,SE-7992,7992
SEMBABULE,SE-7995,7995
SEMBABULE,SE-7991,7991
SEMBABULE,SE-8001,8001
SEMBABULE,SE-7998,7998
SEMBABULE,SE-7989,7989
SEMBABULE,SE-7993,7993
SEMBABULE,SE-7988,7988
SEMBABULE,SE-7997,7997
SEMBABULE,SE-7983,7983
SEMBABULE,SE-7934,7934
SEMBABULE,SE-7938,7938
SEMBABULE,SE-7964,7964
SEMBABULE,SE-7969,7969
SEMBABULE,SE-7970,7970
SEMBABULE,SE-7974,7974
SEMBABULE,SE-7975,7975
SEMBABULE,SE-7981,7981
SEMBABULE,SE-7982,7982
SEMBABULE,SE-7996,7996
SEMBABULE,SE-8000,8000
SEMBABULE,SE-7999,7999
SEMBABULE,SE-8003,8003
SEMBABULE,SE-8002,8002
SEMBABULE,SE-8014,8014
SEMBABULE,SE-8015,8015
SEMBABULE,SE-8016,8016
SEMBABULE,SE-8020,8020
SEMBABULE,SE-8013,8013
SEMBABULE,SE-8012,8012
SEMBABULE,SE-8011,8011
SEMBABULE,SE-8010,8010
SEMBABULE,SE-8008,8008
SEMBABULE,SE-8006,8006
SEMBABULE,SE-8026,8026
SEMBABULE,SE-8017,8017
SEMBABULE,SE-8019,8019
SEMBABULE,SE-8018,8018
SEMBABULE,SE-8025,8025
SEMBABULE,SE-8023,8023
SEMBABULE,SE-8024,8024
SEMBABULE,SE-8027,8027
SEMBABULE,SE-8022,8022
SEMBABULE,SE-8021,8021
SEMBABULE,SE-7951,7951
SEMBABULE,SE-8004,8004
SEMBABULE,SE-8005,8005
SEMBABULE,SE-8007,8007
SEMBABULE,SE-8028,8028
SEMBABULE,SE-8009,8009
SEMBABULE,SE-8035,8035
SEMBABULE,SE-8034,8034
SEMBABULE,SE-8036,8036
SEMBABULE,SE-8032,8032
SEMBABULE,SE-8033,8033
SEMBABULE,SE-8038,8038
SEMBABULE,SE-8029,8029
SEMBABULE,SE-8037,8037
SEMBABULE,SE-8030,8030
SEMBABULE,SE-8031,8031
SEMBABULE,SE-8044,8044
SEMBABULE,SE-8039,8039
SEMBABULE,SE-8041,8041
SEMBABULE,SE08045,8045
SEMBABULE,SE-8042,8042
SEMBABULE,SE-8043,8043
SEMBABULE,SE-8046,8046
SEMBABULE,SE-8048,8048
SEMBABULE,SE-8050,8050
SEMBABULE,SE-8049,8049
SEMBABULE,SE-8051,8051
SEMBABULE,SE-8053,8053
SEMBABULE,SE-8059,8059
SEMBABULE,SE-8060,8060
SEMBABULE,SE-8054,8054
SEMBABULE,SE-8056,8056
SEMBABULE,SE-8057,8057
SEMBABULE,SE-8061,8061
SEMBABULE,SE-8064,8064
SEMBABULE,SE-8040,8040
SEMBABULE,SE-8047,8047
SEMBABULE,SE-8052,8052
SEMBABULE,SE-8055,8055
SEMBABULE,SE-8058,8058
SEMBABULE,SE-8067,8067
SEMBABULE,SE-8062,8062
SEMBABULE,SE-8065,8065
SEMBABULE,SE-8063,8063
SEMBABULE,SE-8069,8069
SEMBABULE,SE-8073,8073
SEMBABULE,SE-8072,8072
SEMBABULE,SE-8070,8070
SEMBABULE,SE-8078,8078
SEMBABULE,SE-8076,8076
SEMBABULE,SE-8077,8077
SEMBABULE,SE-8079,8079
SEMBABULE,SE-8082,8082
SEMBABULE,SE8094,8094
SEMBABULE,SE-8093,8093
SEMBABULE,SE-8100,8100
SEMBABULE,SE-8098,8098
SEMBABULE,SE-7751,7751
SEMBABULE,SE-8096,8096
SEMBABULE,SE08097,8097
SEMBABULE,SE-8102,8102
SEMBABULE,SE-8092,8092
SEMBABULE,SE-8081,8081
SEMBABULE,SE-8080,8080
SEMBABULE,SE-8101,8101
SEMBABULE,SE-8086,8086
SEMBABULE,SE-8103,8103
SEMBABULE,SE-8085,8085
SEMBABULE,SE-8088,8088
SEMBABULE,SE-8087,8087
SEMBABULE,SE8107,8107
SEMBABULE,SE-8105,8105
SEMBABULE,SE-8074,8074
SEMBABULE,SE-8091,8091
SEMBABULE,SE-8109,8109
SEMBABULE,SE-8110,8110
SEMBABULE,SE-8108,8108
SEMBABULE,SE-8068,8068
SEMBABULE,SE-8071,8071
SEMBABULE,SE-8083,8083
SEMBABULE,SE-8084,8084
SEMBABULE,SE-8089,8089
SEMBABULE,SE-8095,8095
SEMBABULE,SE-8099,8099
SEMBABULE,SE-8104,8104
SEMBABULE,SE-8106,8106
SEMBABULE,SE:8111,8111
SEMBABULE,SE-8112,8112
SEMBABULE,SE-8123,8123
SEMBABULE,SE-8124,8124
SEMBABULE,SE08113,8113
SEMBABULE,SE-8115,8115
SEMBABULE,SE 8131,8131
SEMBABULE,SE-8121,8121
SEMBABULE,SE-8120,8120
SEMBABULE,SE-8116,8116
SEMBABULE,SE-8118,8118
SEMBABULE,SE-8126,8126
SEMBABULE,SE-8127,8127
SEMBABULE,SE-8128,8128
SEMBABULE,SE-8125,8125
SEMBABULE,SE:8136,8136
SEMBABULE,SE:8141,8141
SEMBABULE,SE:8066,8066
SEMBABULE,SE:8130,8130
SEMBABULE,SE:8117,8117
SEMBABULE,SE:8138,8138
SEMBABULE,SE-8145,8145
SEMBABULE,SE-8139,8139
SEMBABULE,SE-8159,8159
SEMBABULE,SE-8132,8132
SEMBABULE,SE-8143,8143
SEMBABULE,SE-8140,8140
SEMBABULE,SE-8158,8158
SEMBABULE,SE-8144,8144
SEMBABULE,SE-8114,8114
SEMBABULE,SE-8148,8148
SEMBABULE,SE-8147,8147
SEMBABULE,SE-8161,8161
SEMBABULE,SE-8133,8133
SEMBABULE,SE-8150,8150
SEMBABULE,SE-8149,8149
SEMBABULE,SE-8168,8168
SEMBABULE,SE-8146,8146
SEMBABULE,SE-8156,8156
SEMBABULE,SE-8154,8154
SEMBABULE,SE-8153,8153
SEMBABULE,SE-8155,8155
SEMBABULE,SE-8163,8163
SEMBABULE,SE-8166,8166
SEMBABULE,SE-8162,8162
SEMBABULE,SE-8172,8172
SEMBABULE,SE-8171,8171
SEMBABULE,SE-8164,8164
SEMBABULE,SE-8122,8122
SEMBABULE,SE-8160,8160
SEMBABULE,SE-8174,8174
SEMBABULE,SE-8176,8176
SEMBABULE,SE08178,8178
SEMBABULE,SE08180,8180
SEMBABULE,SE08169,8169
SEMBABULE,SE08167,8167
SEMBABULE,SE08142,8142
SEMBABULE,SE08170,8170
SEMBABULE,SE08173,8173
SEMBABULE,SE08183,8183
SEMBABULE,SE08182,8182
SEMBABULE,SE08188,8188
SEMBABULE,SE08190,8190
SEMBABULE,SE08192,8192
SEMBABULE,SE08193,8193
SEMBABULE,SE08194,8194
SEMBABULE,SE08196,8196
SEMBABULE,SE08181,8181
SEMBABULE,SE08135,8135
SEMBABULE,SE08186,8186
SEMBABULE,SE08185,8185
SEMBABULE,SE08179,8179
SEMBABULE,SE08152,8152
SEMBABULE,SE08151,8151
SEMBABULE,SE08197,8197
SEMBABULE,SE08198,8198
SEMBABULE,SE08199,8199
SEMBABULE,SE08205,8205
SEMBABULE,SE08175,8175
SEMBABULE,SE08206,8206
SEMBABULE,SE08200,8200
SEMBABULE,SE08208,8208
SEMBABULE,SE08189,8189
SEMBABULE,SE08191,8191
SEMBABULE,SE08209,8209
SEMBABULE,SE08212,8212
SEMBABULE,SE08213,8213
SEMBABULE,SE08215,8215
SEMBABULE,SE08187,8187
SEMBABULE,SE08195,8195
SEMBABULE,SE08165,8165
SEMBABULE,SE08157,8157
SEMBABULE,SE08137,8137
SEMBABULE,SE08184,8184
SEMBABULE,SE08201,8201
SEMBABULE,SE08202,8202
SEMBABULE,SE08203,8203
SEMBABULE,SE08204,8204
SEMBABULE,SE08207,8207
SEMBABULE,SE08210,8210
SEMBABULE,SE08211,8211
SEMBABULE,SE08214,8214
SEMBABULE,SE08177,8177
SEMBABULE,SE08234,8234
SEMBABULE,SE08216,8216
SEMBABULE,SE08134,8134
SEMBABULE,SE08228,8228
SEMBABULE,SE08217,8217
SEMBABULE,SE08235,8235
SEMBABULE,SE08236,8236
SEMBABULE,SE08222,8222
SEMBABULE,SE08223,8223
SEMBABULE,SE08221,8221
SEMBABULE,SE08226,8226
SEMBABULE,SE08227,8227
SEMBABULE,SE08219,8219
SEMBABULE,SE08242,8242
SEMBABULE,SE08233,8233
SEMBABULE,SE08241,8241
SEMBABULE,SE08232,8232
SEMBABULE,SE08225,8225
SEMBABULE,SE08218,8218
SEMBABULE,SE08238,8238
SEMBABULE,SE08237,8237
SEMBABULE,SE08245,8245
SEMBABULE,SE08244,8244
SEMBABULE,SE08246,8246
SEMBABULE,SE08229,8229
SEMBABULE,SE08240,8240
SEMBABULE,SE08248,8248
SEMBABULE,SE08249,8249
SEMBABULE,SE08251,8251
SEMBABULE,SE08252,8252
SEMBABULE,SE08253,8253
SEMBABULE,SE08220,8220
SEMBABULE,SE08254,8254
SEMBABULE,SE08247,8247
SEMBABULE,SE08250,8250
SEMBABULE,SE08239,8239
SEMBABULE,SE08255,8255
SEMBABULE,SE08256,8256
SEMBABULE,SE08243,8243
SEMBABULE,SE08258,8258
SEMBABULE,SE08259,8259
SEMBABULE,SE08262,8262
SEMBABULE,SE08263,8263
SEMBABULE,SE08260,8260
SEMBABULE,SE08261,8261
SEMBABULE,SE08268,8268
SEMBABULE,SE08269,8269
SEMBABULE,SE08224,8224
SEMBABULE,SE08271,8271
SEMBABULE,SE08265,8265
SEMBABULE,SE08266,8266
SEMBABULE,SE08264,8264
SEMBABULE,SE08267,8267
SEMBABULE,SE08270,8270
SEMBABULE,SE08273,8273
SEMBABULE,SE08272,8272
SEMBABULE,SE08275,8275
SEMBABULE,SE08279,8279
SEMBABULE,SE08280,8280
SEMBABULE,SE08281,8281
SEMBABULE,SE08276,8276
SEMBABULE,SE08278,8278
SEMBABULE,SE08287,8287
SEMBABULE,SE08284,8284
SEMBABULE,SE08295,8295
SEMBABULE,SE08297,8297
SEMBABULE,SE08298,8298
SEMBABULE,SE08300,8300
SEMBABULE,SE08302,8302
SEMBABULE,SE08307,8307
SEMBABULE,SE08311,8311
SEMBABULE,SE08289,8289
SEMBABULE,SE08296,8296
SEMBABULE,SE08312,8312
SEMBABULE,SE08308,8308
SEMBABULE,SE08299,8299
SEMBABULE,SE08286,8286
SEMBABULE,SE08292,8292
SEMBABULE,SE08274,8274
SEMBABULE,SE08282,8282
SEMBABULE,SE08283,8283
SEMBABULE,SE08285,8285
SEMBABULE,SE08288,8288
SEMBABULE,SE08290,8290
SEMBABULE,SE08291,8291
SEMBABULE,SE08301,8301
SEMBABULE,SE08303,8303
SEMBABULE,SE08304,8304
SEMBABULE,SE08310,8310
SEMBABULE,SE08309,8309
SEMBABULE,SE08306,8306
SEMBABULE,SE08305,8305
SEMBABULE,SE08293,8293
SEMBABULE,SE08294,8294
SEMBABULE,SE08277,8277
SEMBABULE,SE08315,8315
SEMBABULE,SE08316,8316
SEMBABULE,SE08317,8317
SEMBABULE,SE08313,8313
SEMBABULE,SE08314,8314
SEMBABULE,SE08257,8257
SEMBABULE,SE08230,8230
SEMBABULE,SE08231,8231
SEMBABULE,SE08327,8327
SEMBABULE,SE08324,8324
SEMBABULE,SE08323,8323
SEMBABULE,SE08322,8322
SEMBABULE,SE08318,8318
SEMBABULE,SE08325,8325
SEMBABULE,SE08328,8328
SEMBABULE,SE08333,8333
SEMBABULE,SE08332,8332
SEMBABULE,SE08329,8329
SEMBABULE,SE08336,8336
SEMBABULE,SE08337,8337
SEMBABULE,SE08335,8335
SEMBABULE,SE08334,8334
SEMBABULE,SE08331,8331
SEMBABULE,SE08326,8326
SEMBABULE,SE08330,8330
SEMBABULE,SE08319,8319
SEMBABULE,SE08321,8321
SEMBABULE,SE08338,8338
SEMBABULE,SE08339,8339
SEMBABULE,SE08343,8343
SEMBABULE,SE08347,8347
SEMBABULE,SE08341,8341
SEMBABULE,SE08342,8342
SEMBABULE,SE08346,8346
SEMBABULE,SE08351,8351
SEMBABULE,SE08344,8344
SEMBABULE,SE08345,8345
SEMBABULE,SE08350,8350
SEMBABULE,SE08355,8355
SEMBABULE,SE08348,8348
SEMBABULE,SE08352,8352
SEMBABULE,SE08353,8353
SEMBABULE,SE08340,8340
SEMBABULE,SE08361,8361
SEMBABULE,SE08362,8362
SEMBABULE,SE08367,8367
SEMBABULE,SE08373,8373
SEMBABULE,SE08371,8371
SEMBABULE,SE08364,8364
SEMBABULE,SE08365,8365
SEMBABULE,SE08354,8354
SEMBABULE,SE08370,8370
SEMBABULE,SE08369,8369
SEMBABULE,SE08358,8358
SEMBABULE,SE08366,8366
SEMBABULE,SE08363,8363
SEMBABULE,SE08359,8359
SEMBABULE,SE08374,8374
SEMBABULE,SE08372,8372
SEMBABULE,SE08376,8376
SEMBABULE,SE08377,8377
SEMBABULE,SE08378,8378
SEMBABULE,SE08375,8375
SEMBABULE,SE08368,8368
SEMBABULE,SE08360,8360
SEMBABULE,SE08357,8357
SEMBABULE,SE08356,8356
SEMBABULE,SE08349,8349
SEMBABULE,SE08320,8320
SEMBABULE,SE08383,8383
SEMBABULE,SE08381,8381
SEMBABULE,SE08380,8380
SEMBABULE,SE08379,8379
SEMBABULE,SE08392,8392
SEMBABULE,SE08393,8393
SEMBABULE,SE08391,8391
SEMBABULE,SE08390,8390
SEMBABULE,SE08389,8389
SEMBABULE,SE08388,8388
SEMBABULE,SE08385,8385
SEMBABULE,SE08384,8384
SEMBABULE,SE08382,8382
SEMBABULE,SE08386,8386
SEMBABULE,SE08387,8387
SEMBABULE,SE08395,8395
SEMBABULE,SE08396,8396
SEMBABULE,SE08397,8397
SEMBABULE,SE08398,8398
SEMBABULE,SE08399,8399
SEMBABULE,SE08400,8400
SEMBABULE,SE08401,8401
SEMBABULE,SE08402,8402
SEMBABULE,SE08403,8403
SEMBABULE,SE08407,8407
SEMBABULE,SE08406,8406
SEMBABULE,SE08405,8405
SEMBABULE,SE8404,8404
SEMBABULE,SE08408,8408
SEMBABULE,SE08409,8409
SEMBABULE,SE08410,8410
SEMBABULE,SE08411,8411
SEMBABULE,SE08413,8413
SEMBABULE,SE08412,8412
SEMBABULE,SE08414,8414
SEMBABULE,SE08417,8417
SEMBABULE,SE08416,8416
SEMBABULE,SE08420,8420
SEMBABULE,SE08421,8421
SEMBABULE,SE08422,8422
SEMBABULE,SE08431,8431
SEMBABULE,SE08468,8468
SEMBABULE,SE08467,8467
SEMBABULE,SE08466,8466
SEMBABULE,SE08465,8465
SEMBABULE,SE08464,8464
SEMBABULE,SE08463,8463
SEMBABULE,SE08461,8461
SEMBABULE,SE08460,8460
SEMBABULE,SE08459,8459
SEMBABULE,SE08458,8458
SEMBABULE,SE08457,8457
SEMBABULE,SE08456,8456
SEMBABULE,SE08455,8455
SEMBABULE,SE08454,8454
SEMBABULE,SE08453,8453
SEMBABULE,SE08452,8452
SEMBABULE,SE08451,8451
SEMBABULE,SE08450,8450
SEMBABULE,SE08469,8469
SEMBABULE,SE08449,8449
SEMBABULE,SE08448,8448
SEMBABULE,SE08447,8447
SEMBABULE,SE08446,8446
SEMBABULE,SE08445,8445
SEMBABULE,SE08444,8444
SEMBABULE,SE08443,8443
SEMBABULE,SE08442,8442
SEMBABULE,SE08441,8441
SEMBABULE,SE08440,8440
SEMBABULE,SE08439,8439
SEMBABULE,SE08438,8438
SEMBABULE,SE08437,8437
SEMBABULE,SE08436,8436
SEMBABULE,SE08434,8434
SEMBABULE,SE08433,8433
SEMBABULE,SE08432,8432
SEMBABULE,SE08415,8415
SEMBABULE,SE08418,8418
SEMBABULE,SE08419,8419
SEMBABULE,SE08423,8423
SEMBABULE,SE08424,8424
SEMBABULE,SE08425,8425
SEMBABULE,SE08426,8426
SEMBABULE,SE08427,8427
SEMBABULE,SE08428,8428
SEMBABULE,SE08483,8483
SEMBABULE,SE08533,8533
SEMBABULE,SE08526,8526
SEMBABULE,SE08486,8486
SEMBABULE,SE08505,8505
SEMBABULE,SE08540,8540
SEMBABULE,SE08538,8538
SEMBABULE,SE08527,8527
SEMBABULE,SE08537,8537
SEMBABULE,SE08539,8539
SEMBABULE,SE08536,8536
SEMBABULE,SE08532,8532
SEMBABULE,SE08507,8507
SEMBABULE,SE08531,8531
SEMBABULE,SE8501,8501
SEMBABULE,SE08502,8502
SEMBABULE,SE08476,8476
SEMBABULE,SE08473,8473
SEMBABULE,SE08474,8474
SEMBABULE,SE08472,8472
SEMBABULE,SE08475,8475
SEMBABULE,SE08478,8478
SEMBABULE,SE08479,8479
SEMBABULE,SE08480,8480
SEMBABULE,SE08530,8530
SEMBABULE,SE08481,8481
SEMBABULE,SE08529,8529
SEMBABULE,SE08528,8528
SEMBABULE,SE08523,8523
SEMBABULE,SE08484,8484
SEMBABULE,SE08485,8485
SEMBABULE,SE08522,8522
SEMBABULE,SE08482,8482
SEMBABULE,SE08487,8487
SEMBABULE,SE08488,8488
SEMBABULE,SE08489,8489
SEMBABULE,SE08490,8490
SEMBABULE,SE08491,8491
SEMBABULE,SE08493,8493
SEMBABULE,SE08492,8492
SEMBABULE,SE08494,8494
SEMBABULE,SE08495,8495
SEMBABULE,SE08497,8497
SEMBABULE,SE08501,8501
SEMBABULE,SE08504,8504
SEMBABULE,SE08503,8503
SEMBABULE,SE08496,8496
SEMBABULE,SE08534,8534
SEMBABULE,SE08525,8525
SEMBABULE,SE08535,8535
SEMBABULE,SE08471,8471
SEMBABULE,SE08470,8470
SEMBABULE,SE08477,8477
SEMBABULE,SE08435,8435
SEMBABULE,SE08429,8429
SEMBABULE,SE08430,8430
SEMBABULE,SE08516,8516
SEMBABULE,SE08517,8517
SEMBABULE,SE08518,8518
SEMBABULE,SE08519,8519
SEMBABULE,8498,8498
SEMBABULE,SE08499,8499
SEMBABULE,SE08500,8500
SEMBABULE,SE08508,8508
SEMBABULE,SE08511,8511
SEMBABULE,SE08512,8512
SEMBABULE,SE08514,8514
SEMBABULE,SE08515,8515
SEMBABULE,SE08506,8506
SEMBABULE,SE08542,8542
SEMBABULE,SE08559,8559
SEMBABULE,SE08543,8543
SEMBABULE,SE08544,8544
SEMBABULE,SE08509,8509
SEMBABULE,SE08510,8510
SEMBABULE,SE08513,8513
SEMBABULE,SE08520,8520
SEMBABULE,SE08545,8545
SEMBABULE,SE08546,8546
SEMBABULE,SE08547,8547
SEMBABULE,SE08566,8566
SEMBABULE,SE08565,8565
SEMBABULE,SE08564,8564
SEMBABULE,SE08562,8562
SEMBABULE,SE08557,8557
SEMBABULE,SE08558,8558
SEMBABULE,SE08556,8556
SEMBABULE,SE08560,8560
SEMBABULE,SE08561,8561
SEMBABULE,SE08555,8555
SEMBABULE,SE08554,8554
SEMBABULE,SE08553,8553
SEMBABULE,SE08550,8550
SEMBABULE,SE08552,8552
SEMBABULE,SE08551,8551
SEMBABULE,SE08549,8549
SEMBABULE,SE08548,8548
SEMBABULE,SE08595,8595
SEMBABULE,SE08596,8596
SEMBABULE,SE08597,8597
SEMBABULE,SE08598,8598
SEMBABULE,SE08589,8589
SEMBABULE,SE08587,8587
SEMBABULE,SE08586,8586
SEMBABULE,SE08585,8585
SEMBABULE,SE08584,8584
SEMBABULE,SE08590,8590
SEMBABULE,SE08591,8591
SEMBABULE,SE08577,8577
SEMBABULE,SE08578,8578
SEMBABULE,SE08579,8579
SEMBABULE,SE08581,8581
SEMBABULE,SE08580,8580
SEMBABULE,SE08582,8582
SEMBABULE,SE08583,8583
SEMBABULE,SE08575,8575
SEMBABULE,SE08576,8576
SEMBABULE,SE08574,8574
SEMBABULE,SE08573,8573
SEMBABULE,SE08572,8572
SEMBABULE,SE08571,8571
SEMBABULE,SE08568,8568
SEMBABULE,SE08569,8569
SEMBABULE,SE08570,8570
SEMBABULE,SE08567,8567
SEMBABULE,SE08592,8592
SEMBABULE,SE08593,8593
SEMBABULE,SE08594,8594
SEMBABULE,SE08599,8599
SEMBABULE,SE08600,8600
SEMBABULE,SE08563,8563
SEMBABULE,SE08601,8601
SEMBABULE,SE08602,8602
SEMBABULE,SE08588,8588
SEMBABULE,SE08603,8603
SEMBABULE,SE08605,8605
SEMBABULE,SE08606,8606
SEMBABULE,SE08607,8607
SEMBABULE,SE08608,8608
SEMBABULE,SE08609,8609
SEMBABULE,SE08641,8641
SEMBABULE,SE08646,8646
SEMBABULE,SE08644,8644
SEMBABULE,SE08610,8610
SEMBABULE,SE08612,8612
SEMBABULE,SE08613,8613
SEMBABULE,SE08614,8614
SEMBABULE,SE08615,8615
SEMBABULE,SE08616,8616
SEMBABULE,SE08617,8617
SEMBABULE,SE08618,8618
SEMBABULE,SE08619,8619
SEMBABULE,SE08620,8620
SEMBABULE,SE08621,8621
SEMBABULE,SE08622,8622
SEMBABULE,SE08623,8623
SEMBABULE,SE08624,8624
SEMBABULE,SE08625,8625
SEMBABULE,SE08626,8626
SEMBABULE,SE08627,8627
SEMBABULE,SE08628,8628
SEMBABULE,SE08629,8629
SEMBABULE,SE08630,8630
SEMBABULE,SE08631,8631
SEMBABULE,SE08632,8632
SEMBABULE,SE08633,8633
SEMBABULE,SE08634,8634
SEMBABULE,SE08635,8635
SEMBABULE,SE08636,8636
SEMBABULE,SE08637,8637
SEMBABULE,SE08638,8638
SEMBABULE,SE08639,8639
SEMBABULE,SE08640,8640
SEMBABULE,SE08642,8642
SEMBABULE,SE08643,8643
SEMBABULE,SE08645,8645
SEMBABULE,SE08647,8647
SEMBABULE,SE08648,8648
SEMBABULE,SE08649,8649
SEMBABULE,SE08604,8604
SEMBABULE,SE08651,8651
SEMBABULE,SE08652,8652
SEMBABULE,SE08650,8650
SEMBABULE,SE08653,8653
SEMBABULE,SE08654,8654
SEMBABULE,SE08655,8655
SEMBABULE,SE08656,8656
SEMBABULE,SE08657,8657
SEMBABULE,SE08658,8658
SEMBABULE,SE08659,8659
SEMBABULE,SE08660,8660
SEMBABULE,SE08669,8669
SEMBABULE,SE08667,8667
SEMBABULE,SE08666,8666
SEMBABULE,SE08665,8665
SEMBABULE,SE08664,8664
SEMBABULE,SE08663,8663
SEMBABULE,SE08662,8662
SEMBABULE,SE08661,8661
SEMBABULE,SE08677,8677
SEMBABULE,SE08676,8676
SEMBABULE,SE08675,8675
SEMBABULE,SE08674,8674
SEMBABULE,SE08673,8673
SEMBABULE,SE08672,8672
SEMBABULE,SE08671,8671
SEMBABULE,SE08670,8670
SEMBABULE,SE08668,8668
SEMBABULE,SE08687,8687
SEMBABULE,SE08686,8686
SEMBABULE,SE08685,8685
SEMBABULE,SE08684,8684
SEMBABULE,SE08683,8683
SEMBABULE,SE08682,8682
SEMBABULE,SE08681,8681
SEMBABULE,SE08680,8680
SEMBABULE,SE08679,8679
SEMBABULE,SE08678,8678
SEMBABULE,SE08696,8696
SEMBABULE,SE08695,8695
SEMBABULE,SE08694,8694
SEMBABULE,SE08693,8693
SEMBABULE,SE08692,8692
SEMBABULE,SE08691,8691
SEMBABULE,SE08690,8690
SEMBABULE,SE08689,8689
SEMBABULE,SE08688,8688
SEMBABULE,SE08706,8706
SEMBABULE,SE08705,8705
SEMBABULE,SE08703,8703
SEMBABULE,SE08704,8704
SEMBABULE,SE08697,8697
SEMBABULE,SE08699,8699
SEMBABULE,SE08698,8698
SEMBABULE,SE08700,8700
SEMBABULE,SE08701,8701
SEMBABULE,SE08702,8702
SEMBABULE,SE08731,8731
SEMBABULE,SE08730,8730
SEMBABULE,SE08729,8729
SEMBABULE,SE08728,8728
SEMBABULE,SE08727,8727
SEMBABULE,SE08707,8707
SEMBABULE,SE08708,8708
SEMBABULE,SE08709,8709
SEMBABULE,SE08710,8710
SEMBABULE,SE08711,8711
SEMBABULE,SE08712,8712
SEMBABULE,SE08713,8713
SEMBABULE,SE08714,8714
SEMBABULE,SE08715,8715
SEMBABULE,SE08716,8716
SEMBABULE,SE08717,8717
SEMBABULE,SE08725,8725
SEMBABULE,SE08724,8724
SEMBABULE,SE08723,8723
SEMBABULE,SE08722,8722
SEMBABULE,SE08721,8721
SEMBABULE,SE08720,8720
SEMBABULE,SE08719,8719
SEMBABULE,SE08718,8718
SEMBABULE,SE08770,8770
SEMBABULE,SE 08732,8732
SEMBABULE,SE 08733,8733
SEMBABULE,SE:08733,8733
SEMBABULE,SE 08757,8757
SEMBABULE,SE:08789,8789
SEMBABULE,SE 08758,8758
SEMBABULE,8759,8759
SEMBABULE,SE:8734,8734
SEMBABULE,SE08760,8760
SEMBABULE,SE:08735,8735
SEMBABULE,SE08761,8761
SEMBABULE,SE08762,8762
SEMBABULE,SE08763,8763
SEMBABULE,SE:08736,8736
SEMBABULE,SE08764,8764
SEMBABULE,SE08765,8765
SEMBABULE,SE08766,8766
SEMBABULE,SE:08737,8737
SEMBABULE,8747,8747
SEMBABULE,8748,8748
SEMBABULE,SE:08738,8738
SEMBABULE,8749,8749
SEMBABULE,8750,8750
SEMBABULE,SE:08739,8739
SEMBABULE,SE:08740,8740
SEMBABULE,SE:08741,8741
SEMBABULE,SE:08742,8742
SEMBABULE,8751,8751
SEMBABULE,8752,8752
SEMBABULE,8753,8753
SEMBABULE,8754,8754
SEMBABULE,8755,8755
SEMBABULE,8756,8756
SEMBABULE,SE:08743,8743
SEMBABULE,SE:08744,8744
SEMBABULE,SE:08745,8745
SEMBABULE,SE:08746,8746
SEMBABULE,SE08785,8785
SEMBABULE,SE08784,8784
SEMBABULE,SE08783,8783
SEMBABULE,SE08782,8782
SEMBABULE,SE08780,8780
SEMBABULE,SE08779,8779
SEMBABULE,SE08778,8778
SEMBABULE,SE08777,8777
SEMBABULE,SE08776,8776
SEMBABULE,SE08786,8786
SEMBABULE,SE08788,8788
SEMBABULE,SE:08767,8767
SEMBABULE,SE08787,8787
SEMBABULE,SE:08768,8768
SEMBABULE,SE08769,8769
SEMBABULE,SE:08770,8770
SEMBABULE,SE:08771,8771
SEMBABULE,SE:08772,8772
SEMBABULE,SE:08773,8773
SEMBABULE,SE:08774,8774
SEMBABULE,SE:08775,8775
SEMBABULE,SE08800,8800
SEMBABULE,SE08799,8799
SEMBABULE,SE08798,8798
SEMBABULE,SE08797,8797
SEMBABULE,SE008796,8796
SEMBABULE,SE08795,8795
SEMBABULE,SE08794,8794
SEMBABULE,SE08792,8792
SEMBABULE,SE08791,8791
SEMBABULE,SE08790,8790
SEMBABULE,SE08793,8793
SEMBABULE,SE08801,8801
SEMBABULE,SE08802,8802
